,id,terrestrial_date,sol,ls,month,min_temp,pressure
1,2,2012-08-16,10,155,6,-75,739
2,13,2012-08-17,11,156,6,-76,740
3,24,2012-08-18,12,156,6,-76,741
4,35,2012-08-19,13,157,6,-74,732
5,46,2012-08-20,14,157,6,-74,740
6,57,2012-08-21,15,158,6,-78,740
7,68,2012-08-22,16,158,6,-77,740
8,79,2012-08-23,17,159,6,-76,742
9,112,2012-08-27,21,161,6,-74,741
10,114,2012-08-28,22,162,6,-74,742
11,123,2012-08-29,23,162,6,-75,741
12,134,2012-08-30,24,163,6,-75,742
13,145,2012-08-31,25,163,6,-75,743
14,156,2012-09-01,26,164,6,-76,745
15,163,2012-09-02,27,164,6,-75,743
16,170,2012-09-03,28,165,6,-75,745
17,171,2012-09-04,29,166,6,-75,747
18,172,2012-09-05,30,166,6,-74,747
19,173,2012-09-06,31,167,6,-74,745
20,175,2012-09-08,33,168,6,-73,748
21,176,2012-09-10,34,168,6,-73,748
22,177,2012-09-11,35,169,6,-73,749
23,178,2012-09-12,36,169,6,-73,750
24,179,2012-09-13,37,170,6,-73,750
25,180,2012-09-14,38,171,6,-73,750
26,181,2012-09-15,39,171,6,-75,751
27,182,2012-09-16,40,172,6,-75,753
28,183,2012-09-17,41,172,6,-75,753
29,184,2012-09-18,42,173,6,-75,754
30,185,2012-09-19,43,173,6,-74,756
31,186,2012-09-20,44,174,6,-75,757
32,187,2012-09-21,45,175,6,-74,758
33,188,2012-09-22,46,175,6,-74,758
34,189,2012-09-23,47,176,6,-75,758
35,190,2012-09-24,48,176,6,-75,759
36,191,2012-09-25,49,177,6,-74,761
37,192,2012-09-26,50,177,6,-72,761
38,193,2012-09-27,51,178,6,-76,762
39,194,2012-09-28,52,179,6,-74,762
40,195,2012-09-29,53,179,6,-71,764
41,196,2012-09-30,54,180,7,-72,766
42,197,2012-10-01,55,180,7,-74,766
43,198,2012-10-02,56,181,7,-73,768
44,199,2012-10-03,57,181,7,-73,769
45,200,2012-10-04,58,182,7,-74,769
46,201,2012-10-05,59,183,7,-76,771
47,202,2012-10-06,60,183,7,-75,772
48,203,2012-10-07,61,184,7,-72,772
49,204,2012-10-08,62,184,7,-72,774
50,205,2012-10-09,63,185,7,-73,775
51,206,2012-10-10,64,186,7,-74,776
52,207,2012-10-11,65,186,7,-72,777
53,208,2012-10-12,66,187,7,-73,778
54,209,2012-10-13,67,187,7,-73,780
55,210,2012-10-14,68,188,7,-71,781
56,211,2012-10-15,69,189,7,-73,778
57,212,2012-10-17,70,189,7,-72,783
58,213,2012-10-18,71,190,7,-71,784
59,214,2012-10-19,72,190,7,-73,785
60,215,2012-10-20,73,191,7,-70,788
61,216,2012-10-21,74,192,7,-72,790
62,217,2012-10-22,75,192,7,-73,791
63,218,2012-10-23,76,193,7,-73,792
64,219,2012-10-24,77,193,7,-71,792
65,220,2012-10-25,78,194,7,-71,793
66,221,2012-10-26,79,195,7,-73,795
67,222,2012-10-27,80,195,7,-70,796
68,223,2012-10-28,81,196,7,-72,798
69,224,2012-10-29,82,196,7,-72,799
70,225,2012-10-30,83,197,7,-72,801
71,226,2012-10-31,84,198,7,-70,801
72,227,2012-11-01,85,198,7,-71,805
73,228,2012-11-02,86,199,7,-71,808
74,229,2012-11-03,87,199,7,-70,808
75,230,2012-11-04,88,200,7,-70,811
76,231,2012-11-05,89,201,7,-73,813
77,233,2012-11-06,90,201,7,-71,813
78,234,2012-11-07,91,202,7,-74,817
79,235,2012-11-08,92,202,7,-74,820
80,236,2012-11-09,93,203,7,-72,819
81,237,2012-11-10,94,204,7,-70,822
82,238,2012-11-11,95,204,7,-68,822
83,239,2012-11-12,96,205,7,-71,826
84,240,2012-11-13,97,206,7,-68,828
85,241,2012-11-14,98,206,7,-68,828
86,242,2012-11-15,99,207,7,-68,829
87,3,2012-11-16,100,207,7,-66,829
88,4,2012-11-17,101,208,7,-65,830
89,5,2012-11-18,102,209,7,-67,833
90,6,2012-11-19,103,209,7,-66,836
91,7,2012-11-20,104,210,8,-67,838
92,8,2012-11-21,105,211,8,-66,839
93,9,2012-11-23,106,211,8,-66,841
94,10,2012-11-24,107,212,8,-66,844
95,11,2012-11-25,108,212,8,-65,845
96,12,2012-11-26,109,213,8,-64,844
97,14,2012-11-27,110,214,8,-65,848
98,15,2012-11-28,111,214,8,-66,849
99,16,2012-11-29,112,215,8,-65,852
100,17,2012-11-30,113,216,8,-66,857
101,18,2012-12-01,114,216,8,-69,857
102,19,2012-12-02,115,217,8,-66,857
103,20,2012-12-03,116,217,8,-67,859
104,21,2012-12-04,117,218,8,-66,861
105,22,2012-12-05,118,219,8,-65,864
106,23,2012-12-06,119,219,8,-66,866
107,25,2012-12-07,120,220,8,-67,867
108,26,2012-12-08,121,221,8,-66,869
109,27,2012-12-09,122,221,8,-65,869
110,28,2012-12-10,123,222,8,-66,875
111,29,2012-12-11,124,223,8,-66,876
112,30,2012-12-12,125,223,8,-68,880
113,31,2012-12-13,126,224,8,-66,880
114,32,2012-12-14,127,224,8,-67,884
115,33,2012-12-15,128,225,8,-67,883
116,34,2012-12-16,129,226,8,-65,886
117,36,2012-12-17,130,226,8,-65,888
118,37,2012-12-18,131,227,8,-65,889
119,38,2012-12-19,132,228,8,-65,890
120,39,2012-12-20,133,228,8,-65,891
121,40,2012-12-21,134,229,8,-67,893
122,41,2012-12-22,135,230,8,-65,894
123,42,2012-12-23,136,230,8,-65,897
124,43,2012-12-24,137,231,8,-64,896
125,44,2012-12-25,138,232,8,-65,899
126,45,2012-12-26,139,232,8,-66,899
127,47,2012-12-27,140,233,8,-66,903
128,48,2012-12-28,141,233,8,-64,904
129,49,2012-12-29,142,234,8,-65,906
130,50,2012-12-31,143,235,8,-63,908
131,51,2013-01-01,144,235,8,-64,907
132,52,2013-01-02,145,236,8,-64,909
133,53,2013-01-03,146,237,8,-65,908
134,54,2013-01-04,147,237,8,-65,914
135,55,2013-01-05,148,238,8,-65,912
136,56,2013-01-06,149,239,8,-65,914
137,58,2013-01-07,150,239,8,-64,913
138,59,2013-01-08,151,240,9,-65,915
139,60,2013-01-09,152,241,9,-63,914
140,61,2013-01-10,153,241,9,-65,915
141,62,2013-01-11,154,242,9,-65,917
142,63,2013-01-12,155,243,9,-64,917
143,64,2013-01-13,156,243,9,-65,922
144,65,2013-01-14,157,244,9,-64,920
145,66,2013-01-15,158,245,9,-66,922
146,67,2013-01-16,159,245,9,-65,918
147,69,2013-01-17,160,246,9,-67,919
148,70,2013-01-18,161,246,9,-65,919
149,71,2013-01-19,162,247,9,-65,919
150,72,2013-01-20,163,248,9,-65,919
151,73,2013-01-21,164,248,9,-64,919
152,74,2013-01-22,165,249,9,-65,922
153,75,2013-01-23,166,250,9,-65,922
154,76,2013-01-24,167,250,9,-65,920
155,77,2013-01-25,168,251,9,-66,923
156,78,2013-01-26,169,252,9,-66,922
157,80,2013-01-27,170,252,9,-66,925
158,81,2013-01-28,171,253,9,-67,925
159,82,2013-01-29,172,254,9,-67,923
160,83,2013-01-30,173,254,9,-67,920
161,84,2013-01-31,174,255,9,-67,921
162,85,2013-02-01,175,256,9,-68,921
163,86,2013-02-02,176,256,9,-67,920
164,87,2013-02-03,177,257,9,-66,921
165,88,2013-02-04,178,258,9,-66,920
166,89,2013-02-06,179,258,9,-66,920
167,91,2013-02-07,180,259,9,-67,919
168,92,2013-02-08,181,260,9,-67,918
169,93,2013-02-09,182,260,9,-67,921
170,94,2013-02-10,183,261,9,-67,921
171,95,2013-02-11,184,261,9,-67,923
172,96,2013-02-12,185,262,9,-67,923
173,97,2013-02-13,186,263,9,-66,922
174,98,2013-02-14,187,263,9,-67,921
175,99,2013-02-15,188,264,9,-68,920
176,100,2013-02-16,189,265,9,-68,920
177,102,2013-02-17,190,265,9,-66,917
178,103,2013-02-18,191,266,9,-67,921
179,106,2013-02-23,196,269,9,-66,916
180,107,2013-02-24,197,270,10,-68,915
181,108,2013-02-25,198,271,10,-67,914
182,109,2013-02-26,199,271,10,-66,917
183,116,2013-03-23,223,287,10,-71,895
184,117,2013-03-24,224,287,10,-69,894
185,118,2013-03-25,225,288,10,-71,894
186,119,2013-03-26,226,288,10,-70,894
187,120,2013-03-27,227,289,10,-70,892
188,121,2013-03-28,228,290,10,-71,894
189,122,2013-03-29,229,290,10,-69,894
190,124,2013-03-30,230,291,10,-69,888
191,125,2013-03-31,231,292,10,-71,890
192,126,2013-04-01,232,292,10,-69,888
193,127,2013-04-02,233,293,10,-69,889
194,128,2013-04-03,234,293,10,-69,890
195,129,2013-04-04,235,294,10,-70,886
196,130,2013-04-05,236,295,10,-72,886
197,131,2013-04-06,237,295,10,-71,883
198,132,2013-04-07,238,296,10,-70,885
199,133,2013-04-08,239,297,10,-73,885
200,135,2013-04-09,240,297,10,-70,884
201,136,2013-04-10,241,298,10,-72,884
202,137,2013-04-11,242,298,10,-70,881
203,138,2013-04-12,243,299,10,-71,884
204,139,2013-04-13,244,300,11,-69,878
205,140,2013-04-14,245,300,11,-70,879
206,141,2013-04-15,246,301,11,-73,878
207,142,2013-04-16,247,301,11,-71,873
208,143,2013-04-17,248,302,11,-70,877
209,144,2013-04-18,249,303,11,-69,873
210,146,2013-04-19,250,303,11,-70,877
211,147,2013-04-20,251,304,11,-71,876
212,148,2013-04-22,252,304,11,-71,874
213,149,2013-04-23,253,305,11,-71,877
214,150,2013-04-24,254,306,11,-70,871
215,151,2013-04-25,255,306,11,-69,877
216,152,2013-04-26,256,307,11,-70,871
217,153,2013-04-27,257,308,11,-70,871
218,154,2013-04-28,258,308,11,-71,869
219,155,2013-04-29,259,309,11,-72,871
220,157,2013-04-30,260,309,11,-70,875
221,158,2013-05-01,261,310,11,-70,868
222,161,2013-05-08,268,314,11,-70,864
223,162,2013-05-09,269,315,11,-72,866
224,164,2013-05-10,270,315,11,-67,863
225,165,2013-05-11,271,316,11,-69,864
226,166,2013-05-12,272,316,11,-71,864
227,167,2013-05-13,273,317,11,-70,861
228,168,2013-05-14,274,318,11,-70,861
229,169,2013-05-15,275,318,11,-67,860
230,244,2013-05-16,276,319,11,-69,858
231,245,2013-05-17,277,319,11,-69,857
232,246,2013-05-18,278,320,11,-67,855
233,247,2013-05-19,279,321,11,-68,856
234,248,2013-05-20,280,321,11,-69,856
235,249,2013-05-21,281,322,11,-68,855
236,250,2013-05-22,282,322,11,-72,856
237,251,2013-05-23,283,323,11,-68,854
238,252,2013-05-24,284,323,11,-71,854
239,253,2013-05-25,285,324,11,-70,852
240,254,2013-05-26,286,325,11,-71,854
241,255,2013-05-27,287,325,11,-72,856
242,256,2013-05-29,288,326,11,-69,854
243,257,2013-05-30,289,326,11,-71,854
244,258,2013-05-31,290,327,11,-71,853
245,259,2013-06-01,291,327,11,-70,853
246,260,2013-06-02,292,328,11,-71,853
247,261,2013-06-03,293,329,11,-72,850
248,262,2013-06-04,294,329,11,-72,852
249,263,2013-06-05,295,330,12,-71,853
250,264,2013-06-06,296,330,12,-71,850
251,265,2013-06-07,297,331,12,-72,849
252,266,2013-06-08,298,331,12,-72,850
253,267,2013-06-09,299,332,12,-71,849
254,286,2013-06-10,300,333,12,-72,852
255,276,2013-06-11,301,333,12,-73,852
256,287,2013-06-12,302,334,12,-71,850
257,283,2013-06-13,303,334,12,-71,849
258,281,2013-06-14,304,335,12,-70,848
259,275,2013-06-15,305,335,12,-71,847
260,280,2013-06-16,306,336,12,-71,848
261,279,2013-06-17,307,336,12,-72,851
262,282,2013-06-18,308,337,12,-73,850
263,284,2013-06-19,309,338,12,-72,848
264,278,2013-06-20,310,338,12,-71,849
265,277,2013-06-21,311,339,12,-74,846
266,285,2013-06-22,312,339,12,-71,845
267,274,2013-06-23,313,340,12,-77,849
268,272,2013-06-24,314,340,12,-73,848
269,273,2013-06-25,315,341,12,-74,850
270,288,2013-06-26,316,341,12,-74,851
271,268,2013-06-27,317,342,12,-72,849
272,270,2013-06-28,318,342,12,-74,849
273,271,2013-06-29,319,343,12,-73,847
274,269,2013-06-30,320,344,12,-74,846
275,289,2013-07-01,321,344,12,-75,847
276,291,2013-07-02,322,345,12,-74,849
277,290,2013-07-03,323,345,12,-74,847
278,292,2013-07-04,324,346,12,-75,850
279,294,2013-07-06,325,346,12,-74,847
280,295,2013-07-07,326,347,12,-72,848
281,296,2013-07-08,327,347,12,-74,848
282,293,2013-07-09,328,348,12,-75,847
283,298,2013-07-10,329,348,12,-74,847
284,297,2013-07-11,330,349,12,-75,848
285,303,2013-07-12,331,349,12,-74,848
286,300,2013-07-13,332,350,12,-76,849
287,299,2013-07-14,333,350,12,-75,849
288,301,2013-07-15,334,351,12,-74,852
289,302,2013-07-16,335,352,12,-76,852
290,305,2013-07-17,336,352,12,-76,852
291,304,2013-07-18,337,353,12,-75,853
292,306,2013-07-19,338,353,12,-78,848
293,308,2013-07-20,339,354,12,-76,849
294,307,2013-07-21,340,354,12,-76,851
295,310,2013-07-22,341,355,12,-77,852
296,309,2013-07-23,342,355,12,-76,851
297,311,2013-07-24,343,356,12,-77,850
298,317,2013-07-25,344,356,12,-77,851
299,312,2013-07-26,345,357,12,-77,853
300,314,2013-07-27,346,357,12,-76,853
301,313,2013-07-28,347,358,12,-77,851
302,315,2013-07-29,348,358,12,-74,850
303,316,2013-07-30,349,359,12,-75,852
304,318,2013-07-31,350,359,12,-76,853
305,320,2013-08-01,351,0,1,-75,853
306,319,2013-08-02,352,0,1,-77,854
307,323,2013-08-03,353,1,1,-75,855
308,322,2013-08-04,354,1,1,-75,857
309,321,2013-08-05,355,2,1,-75,857
310,324,2013-08-06,356,2,1,-77,856
311,325,2013-08-07,357,3,1,-76,857
312,326,2013-08-17,366,7,1,-76,861
313,328,2013-08-18,367,8,1,-76,862
314,330,2013-08-19,368,8,1,-77,863
315,331,2013-08-20,369,9,1,-75,865
316,332,2013-08-21,370,9,1,-79,865
317,333,2013-08-22,371,10,1,-77,865
318,334,2013-08-23,372,10,1,-76,866
319,335,2013-08-24,373,11,1,-79,866
320,337,2013-08-25,374,11,1,-79,866
321,336,2013-08-26,375,12,1,-77,867
322,340,2013-08-27,376,12,1,-78,870
323,338,2013-08-28,377,13,1,-78,870
324,339,2013-08-29,378,13,1,-78,869
325,341,2013-08-30,379,14,1,-79,870
326,343,2013-08-31,380,14,1,-79,870
327,345,2013-09-01,381,15,1,-79,871
328,344,2013-09-02,382,15,1,-76,872
329,342,2013-09-03,383,16,1,-77,874
330,346,2013-09-04,384,16,1,-77,875
331,351,2013-09-05,385,17,1,-78,874
332,347,2013-09-06,386,17,1,-77,873
333,349,2013-09-07,387,18,1,-78,874
334,350,2013-09-08,388,18,1,-79,875
335,348,2013-09-09,389,19,1,-79,875
336,352,2013-09-10,390,19,1,-78,875
337,353,2013-09-11,391,20,1,-78,875
338,354,2013-09-12,392,20,1,-77,876
339,355,2013-09-13,393,21,1,-76,877
340,356,2013-09-14,394,21,1,-79,878
341,357,2013-09-15,395,22,1,-77,878
342,358,2013-09-16,396,22,1,-78,879
343,359,2013-09-18,397,23,1,-75,880
344,360,2013-09-19,398,23,1,-79,880
345,361,2013-09-20,399,24,1,-79,881
346,363,2013-09-21,400,24,1,-79,881
347,362,2013-09-22,401,25,1,-79,882
348,365,2013-09-23,402,25,1,-78,883
349,364,2013-09-24,403,25,1,-80,883
350,367,2013-09-25,404,26,1,-78,884
351,366,2013-09-26,405,26,1,-82,885
352,374,2013-09-27,406,27,1,-81,886
353,370,2013-09-28,407,27,1,-81,887
354,369,2013-09-29,408,28,1,-80,887
355,368,2013-09-30,409,28,1,-81,887
356,373,2013-10-01,410,29,1,-81,888
357,372,2013-10-02,411,29,1,-82,887
358,371,2013-10-03,412,30,2,-80,888
359,376,2013-10-04,413,30,2,-82,888
360,375,2013-10-05,414,31,2,-79,889
361,377,2013-10-06,415,31,2,-82,890
362,378,2013-10-07,416,32,2,-79,889
363,379,2013-10-08,417,32,2,-82,890
364,380,2013-10-09,418,33,2,-79,891
365,381,2013-10-10,419,33,2,-82,891
366,385,2013-10-11,420,33,2,-80,892
367,382,2013-10-12,421,34,2,-81,890
368,384,2013-10-13,422,34,2,-82,891
369,383,2013-10-14,423,35,2,-81,892
370,386,2013-10-15,424,35,2,-81,893
371,393,2013-10-16,425,36,2,-81,893
372,388,2013-10-17,426,36,2,-79,893
373,392,2013-10-18,427,37,2,-81,893
374,391,2013-10-19,428,37,2,-81,894
375,387,2013-10-20,429,38,2,-82,895
376,390,2013-10-21,430,38,2,-82,896
377,389,2013-10-22,431,39,2,-83,895
378,395,2013-10-23,432,39,2,-80,896
379,394,2013-10-24,433,40,2,-81,895
380,397,2013-10-26,434,40,2,-80,896
381,396,2013-10-27,435,40,2,-81,896
382,398,2013-10-28,436,41,2,-81,897
383,399,2013-10-29,437,41,2,-82,898
384,400,2013-10-30,438,42,2,-79,899
385,401,2013-10-31,439,42,2,-80,899
386,404,2013-11-01,440,43,2,-80,899
387,402,2013-11-02,441,43,2,-81,900
388,405,2013-11-03,442,44,2,-80,900
389,403,2013-11-04,443,44,2,-81,901
390,407,2013-11-16,455,50,2,-84,905
391,406,2013-11-17,456,50,2,-83,905
392,409,2013-11-24,463,53,2,-86,906
393,410,2013-11-25,464,54,2,-84,906
394,412,2013-11-26,465,54,2,-85,906
395,415,2013-11-27,466,55,2,-85,907
396,411,2013-11-28,467,55,2,-84,907
397,414,2013-11-29,468,55,2,-85,907
398,413,2013-11-30,469,56,2,-85,908
399,475,2013-12-02,470,56,2,-85,907
400,479,2013-12-03,471,57,2,-84,906
401,416,2013-12-04,472,57,2,-84,907
402,417,2013-12-05,473,58,2,-86,907
403,420,2013-12-06,474,58,2,-84,906
404,419,2013-12-07,475,59,2,-85,906
405,418,2013-12-08,476,59,2,-85,906
406,421,2013-12-09,477,60,3,-85,907
407,422,2013-12-18,486,64,3,-84,904
408,473,2013-12-19,487,64,3,-85,904
409,480,2013-12-20,488,64,3,-87,903
410,423,2013-12-21,489,65,3,-85,904
411,434,2013-12-22,490,65,3,-87,903
412,433,2013-12-23,491,66,3,-86,903
413,427,2013-12-24,492,66,3,-86,903
414,426,2013-12-25,493,67,3,-84,902
415,429,2013-12-26,494,67,3,-85,902
416,431,2013-12-27,495,68,3,-86,900
417,428,2013-12-28,496,68,3,-85,901
418,425,2013-12-29,497,69,3,-86,901
419,424,2013-12-30,498,69,3,-86,901
420,432,2013-12-31,499,69,3,-84,899
421,430,2014-01-01,500,70,3,-85,897
422,435,2014-01-02,501,70,3,-86,898
423,437,2014-01-03,502,71,3,-87,898
424,483,2014-01-04,503,71,3,-86,897
425,436,2014-01-05,504,72,3,-85,895
426,438,2014-01-06,505,72,3,-85,895
427,439,2014-01-08,506,73,3,-86,894
428,440,2014-01-09,507,73,3,-85,894
429,442,2014-01-10,508,73,3,-83,893
430,443,2014-01-11,509,74,3,-86,895
431,441,2014-01-12,510,74,3,-85,892
432,446,2014-01-13,511,75,3,-85,892
433,444,2014-01-14,512,75,3,-86,890
434,445,2014-01-15,513,76,3,-86,889
435,447,2014-01-16,514,76,3,-86,888
436,450,2014-01-17,515,77,3,-86,888
437,449,2014-01-18,516,77,3,-86,888
438,448,2014-01-19,517,77,3,-86,885
439,451,2014-01-20,518,78,3,-85,885
440,452,2014-01-21,519,78,3,-86,884
441,453,2014-01-22,520,79,3,-86,884
442,454,2014-01-23,521,79,3,-87,882
443,455,2014-01-24,522,80,3,-85,881
444,458,2014-01-25,523,80,3,-85,881
445,457,2014-01-26,524,81,3,-85,880
446,456,2014-01-27,525,81,3,-87,878
447,459,2014-01-28,526,82,3,-87,878
448,460,2014-01-29,527,82,3,-86,877
449,461,2014-01-30,528,82,3,-86,876
450,462,2014-01-31,529,83,3,-87,875
451,463,2014-02-01,530,83,3,-87,873
452,465,2014-02-02,531,84,3,-87,872
453,464,2014-02-03,532,84,3,-88,872
454,466,2014-02-04,533,85,3,-87,871
455,467,2014-02-05,534,85,3,-86,869
456,468,2014-02-06,535,86,3,-88,868
457,470,2014-02-07,536,86,3,-83,867
458,469,2014-02-08,537,86,3,-83,865
459,472,2014-02-09,538,87,3,-85,865
460,476,2014-02-10,539,87,3,-85,864
461,481,2014-02-11,540,88,3,-84,862
462,482,2014-02-12,541,88,3,-84,861
463,477,2014-02-13,542,89,3,-85,859
464,486,2014-02-15,543,89,3,-84,858
465,487,2014-02-16,544,90,4,-86,857
466,490,2014-02-17,545,90,4,-85,856
467,489,2014-02-18,546,91,4,-85,855
468,488,2014-02-19,547,91,4,-85,853
469,491,2014-02-20,548,91,4,-86,852
470,492,2014-02-21,549,92,4,-87,851
471,494,2014-02-22,550,92,4,-85,850
472,495,2014-02-23,551,93,4,-85,848
473,493,2014-02-24,552,93,4,-86,847
474,496,2014-02-25,553,94,4,-84,845
475,497,2014-02-26,554,94,4,-84,843
476,499,2014-02-27,555,95,4,-85,843
477,501,2014-02-28,556,95,4,-85,842
478,498,2014-03-01,557,96,4,-85,840
479,500,2014-03-02,558,96,4,-85,839
480,502,2014-03-03,559,96,4,-85,838
481,503,2014-03-04,560,97,4,-86,836
482,504,2014-03-05,561,97,4,-85,835
483,506,2014-03-06,562,98,4,-85,834
484,505,2014-03-07,563,98,4,-87,833
485,509,2014-03-08,564,99,4,-86,831
486,508,2014-03-09,565,99,4,-85,830
487,507,2014-03-10,566,100,4,-86,829
488,510,2014-03-11,567,100,4,-86,827
489,511,2014-03-12,568,101,4,-86,825
490,512,2014-03-13,569,101,4,-85,825
491,513,2014-03-14,570,102,4,-84,823
492,515,2014-03-15,571,102,4,-84,821
493,514,2014-03-16,572,102,4,-85,820
494,516,2014-03-17,573,103,4,-84,819
495,517,2014-03-18,574,103,4,-85,817
496,518,2014-03-19,575,104,4,-82,816
497,520,2014-03-20,576,104,4,-84,815
498,519,2014-03-21,577,105,4,-84,813
499,521,2014-03-22,578,105,4,-83,812
500,522,2014-03-24,579,106,4,-82,811
501,523,2014-03-25,580,106,4,-83,810
502,524,2014-03-26,581,107,4,-84,808
503,525,2014-03-27,582,107,4,-84,807
504,526,2014-03-28,583,108,4,-82,806
505,528,2014-03-29,584,108,4,-82,804
506,527,2014-03-30,585,109,4,-83,802
507,529,2014-03-31,586,109,4,-82,802
508,530,2014-04-01,587,109,4,-85,801
509,532,2014-04-02,588,110,4,-84,799
510,531,2014-04-03,589,110,4,-85,798
511,535,2014-04-04,590,111,4,-82,797
512,533,2014-04-05,591,111,4,-82,795
513,534,2014-04-06,592,112,4,-83,795
514,536,2014-04-07,593,112,4,-83,795
515,537,2014-04-08,594,113,4,-83,793
516,538,2014-04-09,595,113,4,-83,792
517,539,2014-04-10,596,114,4,-82,791
518,540,2014-04-11,597,114,4,-84,790
519,542,2014-04-12,598,115,4,-84,787
520,543,2014-04-13,599,115,4,-84,788
521,541,2014-04-14,600,116,4,-81,787
522,544,2014-04-15,601,116,4,-82,785
523,545,2014-04-16,602,117,4,-82,784
524,548,2014-04-17,603,117,4,-83,783
525,546,2014-04-18,604,118,4,-84,782
526,547,2014-04-19,605,118,4,-83,781
527,549,2014-04-20,606,118,4,-84,780
528,550,2014-04-21,607,119,4,-83,779
529,551,2014-04-22,608,119,4,-85,777
530,552,2014-04-23,609,120,5,-84,777
531,554,2014-04-24,610,120,5,-85,776
532,555,2014-04-25,611,121,5,-84,775
533,553,2014-04-26,612,121,5,-85,774
534,556,2014-04-27,613,122,5,-84,773
535,557,2014-04-28,614,122,5,-82,772
536,558,2014-04-29,615,123,5,-83,771
537,559,2014-05-01,616,123,5,-82,769
538,561,2014-05-02,617,124,5,-84,769
539,562,2014-05-03,618,124,5,-83,769
540,560,2014-05-04,619,125,5,-82,766
541,563,2014-05-05,620,125,5,-83,765
542,564,2014-05-06,621,126,5,-82,765
543,565,2014-05-07,622,126,5,-84,763
544,566,2014-05-08,623,127,5,-83,763
545,568,2014-05-09,624,127,5,-82,762
546,569,2014-05-10,625,128,5,-81,761
547,567,2014-05-11,626,128,5,-82,760
548,570,2014-05-12,627,129,5,-82,759
549,571,2014-05-13,628,129,5,-81,759
550,572,2014-05-14,629,130,5,-84,759
551,573,2014-05-15,630,130,5,-82,757
552,576,2014-05-16,631,131,5,-81,756
553,575,2014-05-17,632,131,5,-79,755
554,574,2014-05-18,633,132,5,-81,754
555,577,2014-05-19,634,132,5,-82,753
556,578,2014-05-20,635,133,5,-82,754
557,582,2014-05-21,636,133,5,-81,752
558,580,2014-05-22,637,134,5,-80,752
559,579,2014-05-23,638,134,5,-80,751
560,581,2014-05-24,639,135,5,-80,750
561,583,2014-05-25,640,135,5,-81,750
562,584,2014-05-26,641,136,5,-81,749
563,585,2014-05-27,642,136,5,-80,749
564,586,2014-05-28,643,137,5,-80,748
565,588,2014-05-29,644,137,5,-80,748
566,589,2014-05-30,645,138,5,-81,746
567,587,2014-05-31,646,138,5,-81,746
568,590,2014-06-01,647,139,5,-79,746
569,591,2014-06-02,648,139,5,-80,746
570,592,2014-06-03,649,140,5,-79,745
571,593,2014-06-04,650,140,5,-80,743
572,595,2014-06-05,651,141,5,-80,743
573,594,2014-06-07,652,141,5,-79,745
574,596,2014-06-08,653,142,5,-80,744
575,597,2014-06-09,654,142,5,-79,742
576,598,2014-06-10,655,143,5,-77,741
577,599,2014-06-11,656,143,5,-80,740
578,600,2014-06-12,657,144,5,-79,739
579,602,2014-06-13,658,144,5,-79,739
580,603,2014-06-14,659,145,5,-77,738
581,601,2014-06-15,660,145,5,-78,735
582,604,2014-06-16,661,146,5,-76,735
583,605,2014-06-17,662,146,5,-77,735
584,609,2014-06-18,663,147,5,-77,734
585,607,2014-06-19,664,147,5,-78,732
586,610,2014-06-20,665,148,5,-78,735
587,608,2014-06-21,666,148,5,-77,736
588,606,2014-06-22,667,149,5,-76,736
589,611,2014-06-23,668,150,6,-75,734
590,613,2014-06-24,669,150,6,-84,735
591,612,2014-06-25,670,151,6,-79,737
592,614,2014-06-26,671,151,6,-79,740
593,615,2014-06-27,672,152,6,-78,739
594,616,2014-06-28,673,152,6,-78,738
595,617,2014-06-29,674,153,6,-80,739
596,618,2014-06-30,675,153,6,-80,740
597,619,2014-07-01,676,154,6,-80,738
598,622,2014-07-02,677,154,6,-78,737
599,621,2014-07-03,678,155,6,-77,739
600,624,2014-07-04,679,155,6,-77,738
601,620,2014-07-05,680,156,6,-76,740
602,623,2014-07-06,681,156,6,-79,738
603,625,2014-07-07,682,157,6,-77,739
604,626,2014-07-08,683,158,6,-79,741
605,627,2014-07-09,684,158,6,-75,741
606,628,2014-07-10,685,159,6,-77,740
607,629,2014-07-11,686,159,6,-76,738
608,630,2014-07-12,687,160,6,-77,739
609,631,2014-07-14,688,160,6,-77,741
610,632,2014-07-15,689,161,6,-76,742
611,633,2014-07-16,690,161,6,-77,741
612,634,2014-07-17,691,162,6,-76,741
613,637,2014-07-18,692,162,6,-76,742
614,636,2014-07-19,693,163,6,-76,741
615,635,2014-07-20,694,164,6,-75,740
616,638,2014-07-21,695,164,6,-76,741
617,639,2014-07-22,696,165,6,-75,743
618,640,2014-07-23,697,165,6,-74,743
619,641,2014-07-24,698,166,6,-77,743
620,642,2014-07-25,699,166,6,-76,744
621,643,2014-07-26,700,167,6,-75,745
622,644,2014-07-27,701,167,6,-77,745
623,645,2014-07-28,702,168,6,-76,745
624,646,2014-07-29,703,169,6,-75,747
625,647,2014-07-30,704,169,6,-75,747
626,648,2014-07-31,705,170,6,-76,746
627,650,2014-08-01,706,170,6,-76,748
628,651,2014-08-02,707,171,6,-76,749
629,649,2014-08-03,708,171,6,-76,749
630,652,2014-08-04,709,172,6,-73,750
631,653,2014-08-05,710,172,6,-77,751
632,654,2014-08-06,711,173,6,-75,751
633,658,2014-08-07,712,174,6,-77,752
634,656,2014-08-08,713,174,6,-76,754
635,655,2014-08-09,714,175,6,-76,754
636,657,2014-08-10,715,175,6,-73,755
637,659,2014-08-11,716,176,6,-75,755
638,661,2014-08-12,717,176,6,-76,756
639,660,2014-08-13,718,177,6,-77,757
640,662,2014-08-14,719,178,6,-77,758
641,663,2014-08-15,720,178,6,-74,760
642,664,2014-08-16,721,179,6,-73,761
643,665,2014-08-17,722,179,6,-74,760
644,666,2014-08-18,723,180,7,-73,761
645,667,2014-08-19,724,181,7,-74,763
646,669,2014-08-21,725,181,7,-73,764
647,668,2014-08-22,726,182,7,-75,766
648,671,2014-08-23,727,182,7,-76,766
649,670,2014-08-24,728,183,7,-74,766
650,672,2014-08-25,729,183,7,-75,768
651,676,2014-08-26,730,184,7,-76,770
652,673,2014-08-27,731,185,7,-75,771
653,677,2014-08-28,732,185,7,-75,773
654,674,2014-08-29,733,186,7,-74,773
655,675,2014-08-30,734,186,7,-73,776
656,678,2014-08-31,735,187,7,-73,776
657,679,2014-09-01,736,188,7,-76,776
658,680,2014-09-02,737,188,7,-74,777
659,681,2014-09-03,738,189,7,-75,778
660,682,2014-09-04,739,189,7,-77,779
661,685,2014-09-05,740,190,7,-76,782
662,683,2014-09-06,741,191,7,-70,784
663,684,2014-09-07,742,191,7,-72,784
664,686,2014-09-08,743,192,7,-72,786
665,687,2014-09-09,744,192,7,-75,786
666,689,2014-09-10,745,193,7,-74,787
667,688,2014-09-11,746,194,7,-76,788
668,691,2014-09-12,747,194,7,-73,789
669,690,2014-09-13,748,195,7,-71,791
670,692,2014-09-14,749,195,7,-73,794
671,693,2014-09-15,750,196,7,-72,796
672,695,2014-09-16,751,197,7,-72,797
673,694,2014-09-17,752,197,7,-71,798
674,698,2014-09-18,753,198,7,-73,800
675,696,2014-09-19,754,198,7,-73,802
676,697,2014-09-20,755,199,7,-74,806
677,699,2014-09-21,756,200,7,-73,806
678,700,2014-09-22,757,200,7,-73,807
679,701,2014-09-23,758,201,7,-71,810
680,702,2014-09-24,759,201,7,-77,809
681,704,2014-09-25,760,202,7,-70,810
682,705,2014-09-27,761,203,7,-72,814
683,703,2014-09-28,762,203,7,-75,814
684,706,2014-09-29,763,204,7,-78,817
685,707,2014-09-30,764,205,7,-73,821
686,708,2014-10-01,765,205,7,-73,820
687,709,2014-10-02,766,206,7,-70,824
688,710,2014-10-03,767,206,7,-71,824
689,712,2014-10-04,768,207,7,-73,826
690,711,2014-10-05,769,208,7,-73,829
691,713,2014-10-06,770,208,7,-70,829
692,714,2014-10-07,771,209,7,-71,836
693,715,2014-10-08,772,210,8,-71,835
694,716,2014-10-09,773,210,8,-70,838
695,719,2014-10-10,774,211,8,-73,838
696,717,2014-10-11,775,211,8,-71,838
697,718,2014-10-12,776,212,8,-72,841
698,720,2014-10-13,777,213,8,-72,841
699,721,2014-10-14,778,213,8,-70,846
700,722,2014-10-15,779,214,8,-71,845
701,723,2014-10-16,780,215,8,-72,852
702,725,2014-10-17,781,215,8,-74,849
703,724,2014-10-18,782,216,8,-71,854
704,727,2014-10-19,783,216,8,-69,853
705,726,2014-10-20,784,217,8,-69,857
706,728,2014-10-21,785,218,8,-74,858
707,729,2014-10-22,786,218,8,-74,861
708,732,2014-10-23,787,219,8,-73,860
709,731,2014-10-24,788,220,8,-68,862
710,730,2014-10-25,789,220,8,-68,862
711,733,2014-10-26,790,221,8,-68,864
712,734,2014-10-27,791,222,8,-70,867
713,735,2014-10-28,792,222,8,-71,873
714,736,2014-10-29,793,223,8,-71,877
715,739,2014-10-30,794,223,8,-68,874
716,738,2014-10-31,795,224,8,-68,875
717,737,2014-11-01,796,225,8,-65,877
718,740,2014-11-03,797,225,8,-65,879
719,741,2014-11-04,798,226,8,-67,883
720,743,2014-11-05,799,227,8,-70,884
721,742,2014-11-06,800,227,8,-67,884
722,746,2014-11-07,801,228,8,-70,884
723,745,2014-11-08,802,229,8,-69,887
724,744,2014-11-09,803,229,8,-69,888
725,747,2014-11-10,804,230,8,-73,891
726,748,2014-11-11,805,231,8,-70,893
727,750,2014-11-12,806,231,8,-69,893
728,749,2014-11-13,807,232,8,-71,892
729,752,2014-11-14,808,232,8,-67,893
730,753,2014-11-15,809,233,8,-70,895
731,751,2014-11-16,810,234,8,-69,897
732,754,2014-11-17,811,234,8,-71,900
733,755,2014-11-18,812,235,8,-75,902
734,756,2014-11-19,813,236,8,-67,904
735,757,2014-11-20,814,236,8,-68,902
736,759,2014-11-21,815,237,8,-69,905
737,758,2014-11-22,816,238,8,-74,909
738,761,2014-11-23,817,238,8,-69,913
739,760,2014-11-24,818,239,8,-68,914
740,763,2014-11-25,819,240,9,-71,913
741,765,2014-11-26,820,240,9,-68,910
742,762,2014-11-27,821,241,9,-68,910
743,764,2014-11-28,822,242,9,-71,911
744,766,2014-11-29,823,242,9,-69,912
745,768,2014-11-30,824,243,9,-67,914
746,767,2014-12-01,825,243,9,-67,914
747,770,2014-12-02,826,244,9,-68,914
748,769,2014-12-03,827,245,9,-68,911
749,771,2014-12-04,828,245,9,-71,914
750,773,2014-12-05,829,246,9,-71,914
751,772,2014-12-06,830,247,9,-68,918
752,774,2014-12-07,831,247,9,-68,920
753,775,2014-12-08,832,248,9,-68,924
754,776,2014-12-09,833,249,9,-69,923
755,777,2014-12-11,834,249,9,-68,918
756,780,2014-12-12,835,250,9,-69,917
757,778,2014-12-13,836,251,9,-69,916
758,779,2014-12-14,837,251,9,-69,916
759,782,2014-12-15,838,252,9,-69,917
760,781,2014-12-16,839,253,9,-70,917
761,783,2014-12-17,840,253,9,-74,913
762,784,2014-12-18,841,254,9,-75,914
763,790,2014-12-19,842,255,9,-69,914
764,793,2014-12-20,843,255,9,-69,916
765,788,2014-12-21,844,256,9,-68,917
766,786,2014-12-22,845,257,9,-73,920
767,785,2014-12-23,846,257,9,-74,925
768,791,2014-12-24,847,258,9,-69,918
769,792,2014-12-25,848,258,9,-69,918
770,787,2014-12-26,849,259,9,-69,918
771,789,2014-12-27,850,260,9,-68,918
772,794,2014-12-28,851,260,9,-68,919
773,797,2014-12-29,852,261,9,-73,916
774,796,2014-12-30,853,262,9,-67,913
775,798,2014-12-31,854,262,9,-66,910
776,799,2015-01-01,855,263,9,-69,912
777,795,2015-01-02,856,264,9,-68,912
778,801,2015-01-03,857,264,9,-76,911
779,800,2015-01-04,858,265,9,-73,913
780,802,2015-01-05,859,266,9,-72,915
781,803,2015-01-06,860,266,9,-69,916
782,804,2015-01-07,861,267,9,-70,917
783,807,2015-01-08,862,268,9,-70,917
784,805,2015-01-09,863,268,9,-72,916
785,806,2015-01-10,864,269,9,-70,914
786,808,2015-01-11,865,270,10,-70,913
787,809,2015-01-12,866,270,10,-71,911
788,810,2015-01-13,867,271,10,-71,910
789,811,2015-01-14,868,271,10,-71,908
790,812,2015-01-15,869,272,10,-72,906
791,813,2015-01-17,870,273,10,-74,909
792,814,2015-01-18,871,273,10,-70,903
793,815,2015-01-19,872,274,10,-72,902
794,817,2015-01-28,881,280,10,-73,899
795,818,2015-01-29,882,280,10,-76,901
796,820,2015-01-30,883,281,10,-74,897
797,821,2015-01-31,884,282,10,-71,897
798,819,2015-02-01,885,282,10,-71,895
799,823,2015-02-02,886,283,10,-73,894
800,822,2015-02-03,887,284,10,-73,897
801,824,2015-02-04,888,284,10,-70,896
802,825,2015-02-05,889,285,10,-70,895
803,826,2015-02-06,890,286,10,-72,892
804,827,2015-02-07,891,286,10,-72,892
805,828,2015-02-08,892,287,10,-71,892
806,829,2015-02-09,893,287,10,-72,890
807,830,2015-02-10,894,288,10,-75,891
808,831,2015-02-11,895,289,10,-72,889
809,833,2015-02-12,896,289,10,-70,888
810,832,2015-02-13,897,290,10,-72,884
811,834,2015-02-14,898,291,10,-72,883
812,835,2015-02-15,899,291,10,-75,881
813,836,2015-02-16,900,292,10,-70,883
814,837,2015-02-17,901,292,10,-71,885
815,838,2015-02-18,902,293,10,-68,883
816,839,2015-02-19,903,294,10,-71,882
817,841,2015-02-20,904,294,10,-71,878
818,840,2015-02-21,905,295,10,-71,880
819,843,2015-02-22,906,296,10,-76,878
820,842,2015-02-24,907,296,10,-75,879
821,844,2015-02-25,908,297,10,-71,883
822,845,2015-02-26,909,297,10,-70,878
823,847,2015-02-27,910,298,10,-73,878
824,846,2015-02-28,911,299,10,-70,874
825,849,2015-03-01,912,299,10,-75,875
826,848,2015-03-02,913,300,11,-71,871
827,850,2015-03-03,914,300,11,-71,874
828,851,2015-03-04,915,301,11,-71,878
829,852,2015-03-05,916,302,11,-71,872
830,854,2015-03-06,917,302,11,-76,871
831,853,2015-03-07,918,303,11,-71,867
832,855,2015-03-08,919,304,11,-74,870
833,856,2015-03-09,920,304,11,-72,868
834,857,2015-03-10,921,305,11,-70,867
835,858,2015-03-11,922,305,11,-73,870
836,859,2015-03-12,923,306,11,-72,867
837,861,2015-03-13,924,307,11,-74,867
838,860,2015-03-14,925,307,11,-71,862
839,862,2015-03-15,926,308,11,-76,864
840,863,2015-03-16,927,308,11,-76,862
841,864,2015-03-17,928,309,11,-72,862
842,865,2015-03-18,929,310,11,-75,866
843,868,2015-03-19,930,310,11,-75,865
844,867,2015-03-20,931,311,11,-69,864
845,866,2015-03-21,932,311,11,-71,859
846,869,2015-03-22,933,312,11,-71,863
847,870,2015-03-23,934,313,11,-73,858
848,872,2015-03-24,935,313,11,-75,862
849,871,2015-03-25,936,314,11,-72,865
850,874,2015-03-26,937,314,11,-73,863
851,876,2015-03-29,940,316,11,-73,861
852,875,2015-03-30,941,317,11,-74,857
853,880,2015-03-31,942,317,11,-74,857
854,877,2015-04-02,943,318,11,-73,854
855,878,2015-04-03,944,318,11,-70,852
856,881,2015-04-04,945,319,11,-72,851
857,879,2015-04-05,946,320,11,-77,850
858,882,2015-04-06,947,320,11,-70,853
859,883,2015-04-07,948,321,11,-73,854
860,884,2015-04-08,949,321,11,-72,851
861,885,2015-04-09,950,322,11,-73,850
862,888,2015-04-10,951,323,11,-75,849
863,886,2015-04-11,952,323,11,-69,847
864,887,2015-04-12,953,324,11,-71,847
865,889,2015-04-13,954,324,11,-73,847
866,892,2015-04-17,958,327,11,-74,848
867,891,2015-04-18,959,327,11,-78,846
868,893,2015-04-19,960,328,11,-76,846
869,895,2015-04-20,961,328,11,-71,849
870,894,2015-04-21,962,329,11,-73,845
871,896,2015-04-22,963,329,11,-71,850
872,897,2015-04-23,964,330,12,-72,847
873,898,2015-04-24,965,331,12,-75,847
874,900,2015-04-25,966,331,12,-73,850
875,899,2015-04-26,967,332,12,-74,844
876,901,2015-04-27,968,332,12,-71,848
877,902,2015-04-28,969,333,12,-72,844
878,903,2015-04-29,970,333,12,-71,849
879,906,2015-04-30,971,334,12,-71,848
880,904,2015-05-01,972,334,12,-73,847
881,905,2015-05-02,973,335,12,-72,844
882,907,2015-05-03,974,336,12,-73,842
883,908,2015-05-04,975,336,12,-73,843
884,909,2015-05-05,976,337,12,-75,842
885,910,2015-05-06,977,337,12,-75,841
886,913,2015-05-07,978,338,12,-73,842
887,912,2015-05-09,979,338,12,-79,841
888,911,2015-05-10,980,339,12,-73,840
889,914,2015-05-11,981,339,12,-73,841
890,917,2015-05-12,982,340,12,-74,840
891,916,2015-05-13,983,340,12,-76,840
892,915,2015-05-14,984,341,12,-74,840
893,918,2015-05-15,985,342,12,-78,840
894,919,2015-05-16,986,342,12,-74,840
895,920,2015-05-17,987,343,12,-74,839
896,922,2015-05-18,988,343,12,-75,840
897,921,2015-05-19,989,344,12,-74,841
898,923,2015-05-20,990,344,12,-76,839
899,926,2015-05-21,991,345,12,-73,840
900,924,2015-05-22,992,345,12,-73,842
901,927,2015-05-23,993,346,12,-73,840
902,925,2015-05-24,994,346,12,-79,842
903,929,2015-05-25,995,347,12,-74,842
904,928,2015-05-26,996,348,12,-72,842
905,930,2015-05-27,997,348,12,-74,843
906,931,2015-05-28,998,349,12,-73,842
907,932,2015-05-30,1000,350,12,-74,841
908,933,2015-05-31,1001,350,12,-79,843
909,936,2015-06-01,1002,351,12,-77,844
910,934,2015-06-02,1003,351,12,-74,843
911,935,2015-06-03,1004,352,12,-74,842
912,939,2015-06-04,1005,352,12,-75,843
913,941,2015-06-05,1006,353,12,-78,844
914,937,2015-06-06,1007,353,12,-79,845
915,940,2015-06-07,1008,354,12,-79,844
916,946,2015-06-08,1009,354,12,-75,845
917,947,2015-06-09,1010,355,12,-74,846
918,948,2015-06-10,1011,355,12,-78,845
919,949,2015-06-11,1012,356,12,-81,846
920,953,2015-06-12,1013,356,12,-80,846
921,950,2015-06-13,1014,357,12,-77,846
922,951,2015-06-14,1015,357,12,-75,847
923,952,2015-06-16,1016,358,12,-76,847
924,955,2015-06-17,1017,359,12,-78,850
925,956,2015-06-18,1018,359,12,-79,850
926,954,2015-06-19,1019,0,1,-81,849
927,938,2015-06-20,1020,0,1,-63,832
928,942,2015-06-21,1021,1,1,-76,850
929,944,2015-06-22,1022,1,1,-75,852
930,943,2015-06-23,1023,2,1,-76,851
931,945,2015-06-24,1024,2,1,-76,851
932,958,2015-06-25,1025,3,1,-74,851
933,957,2015-06-26,1026,3,1,-78,851
934,960,2015-06-28,1028,4,1,-75,853
935,959,2015-06-29,1029,5,1,-75,856
936,961,2015-06-30,1030,5,1,-77,855
937,963,2015-07-01,1031,6,1,-76,854
938,962,2015-07-02,1032,6,1,-74,854
939,965,2015-07-03,1033,7,1,-77,856
940,964,2015-07-04,1034,7,1,-76,859
941,966,2015-07-05,1035,8,1,-77,857
942,967,2015-07-06,1036,8,1,-76,856
943,968,2015-07-07,1037,9,1,-80,856
944,969,2015-07-08,1038,9,1,-76,858
945,970,2015-07-09,1039,10,1,-77,857
946,972,2015-07-10,1040,10,1,-77,858
947,971,2015-07-11,1041,11,1,-77,859
948,973,2015-07-12,1042,11,1,-76,859
949,974,2015-07-13,1043,12,1,-77,860
950,975,2015-07-14,1044,12,1,-79,860
951,978,2015-07-15,1045,13,1,-80,861
952,979,2015-07-16,1046,13,1,-77,862
953,977,2015-07-17,1047,14,1,-77,863
954,976,2015-07-18,1048,14,1,-78,864
955,980,2015-07-19,1049,15,1,-75,864
956,981,2015-07-20,1050,15,1,-76,863
957,983,2015-07-21,1051,16,1,-76,864
958,982,2015-07-23,1052,16,1,-78,865
959,984,2015-07-24,1053,17,1,-79,865
960,985,2015-07-25,1054,17,1,-77,867
961,987,2015-07-26,1055,17,1,-77,868
962,986,2015-07-27,1056,18,1,-76,868
963,988,2015-07-28,1057,18,1,-78,867
964,989,2015-07-29,1058,19,1,-78,868
965,990,2015-07-30,1059,19,1,-78,870
966,992,2015-07-31,1060,20,1,-78,870
967,993,2015-08-01,1061,20,1,-77,871
968,991,2015-08-02,1062,21,1,-77,871
969,994,2015-08-03,1063,21,1,-79,871
970,996,2015-08-04,1064,22,1,-77,871
971,995,2015-08-05,1065,22,1,-78,873
972,997,2015-08-06,1066,23,1,-78,875
973,998,2015-08-07,1067,23,1,-79,875
974,1000,2015-08-08,1068,24,1,-76,874
975,999,2015-08-09,1069,24,1,-77,876
976,1001,2015-08-10,1070,25,1,-80,877
977,1002,2015-08-11,1071,25,1,-78,878
978,1003,2015-08-12,1072,26,1,-78,879
979,1004,2015-08-13,1073,26,1,-82,879
980,1005,2015-08-14,1074,27,1,-77,878
981,1006,2015-08-15,1075,27,1,-77,879
982,1007,2015-08-16,1076,28,1,-81,880
983,1008,2015-08-17,1077,28,1,-79,880
984,1009,2015-08-18,1078,29,1,-80,881
985,1010,2015-08-19,1079,29,1,-80,882
986,1013,2015-08-20,1080,29,1,-77,882
987,1011,2015-08-21,1081,30,2,-77,882
988,1012,2015-08-22,1082,30,2,-79,882
989,1014,2015-08-23,1083,31,2,-80,883
990,1015,2015-08-24,1084,31,2,-78,885
991,1017,2015-08-25,1085,32,2,-79,886
992,1016,2015-08-26,1086,32,2,-77,885
993,1019,2015-08-27,1087,33,2,-78,885
994,1020,2015-08-29,1088,33,2,-77,885
995,1018,2015-08-30,1089,34,2,-76,885
996,1021,2015-08-31,1090,34,2,-78,886
997,1022,2015-09-01,1091,35,2,-77,886
998,1023,2015-09-02,1092,35,2,-79,886
999,1024,2015-09-03,1093,36,2,-77,887
1000,1026,2015-09-04,1094,36,2,-80,888
1001,1027,2015-09-05,1095,36,2,-79,888
1002,1025,2015-09-06,1096,37,2,-79,888
1003,1028,2015-09-07,1097,37,2,-78,889
1004,1029,2015-09-08,1098,38,2,-77,890
1005,1030,2015-09-09,1099,38,2,-78,891
1006,1031,2015-09-10,1100,39,2,-79,890
1007,1034,2015-09-11,1101,39,2,-80,891
1008,1032,2015-09-12,1102,40,2,-84,892
1009,1033,2015-09-13,1103,40,2,-81,893
1010,1035,2015-09-14,1104,41,2,-79,893
1011,1036,2015-09-15,1105,41,2,-78,892
1012,1037,2015-09-16,1106,42,2,-82,893
1013,1040,2015-09-17,1107,42,2,-79,893
1014,1038,2015-09-18,1108,42,2,-78,895
1015,1039,2015-09-19,1109,43,2,-82,895
1016,1041,2015-09-20,1110,43,2,-81,895
1017,1042,2015-09-21,1111,44,2,-79,896
1018,1043,2015-09-22,1112,44,2,-80,895
1019,1044,2015-09-23,1113,45,2,-79,895
1020,1045,2015-09-24,1114,45,2,-79,896
1021,1047,2015-09-25,1115,46,2,-80,897
1022,1046,2015-09-26,1116,46,2,-79,898
1023,1048,2015-09-27,1117,47,2,-79,898
1024,1049,2015-09-28,1118,47,2,-80,898
1025,1050,2015-09-29,1119,48,2,-81,899
1026,1051,2015-09-30,1120,48,2,-80,900
1027,1052,2015-10-01,1121,48,2,-81,901
1028,1053,2015-10-02,1122,49,2,-79,901
1029,1054,2015-10-03,1123,49,2,-79,900
1030,1055,2015-10-04,1124,50,2,-80,900
1031,1056,2015-10-06,1125,50,2,-79,900
1032,1057,2015-10-07,1126,51,2,-79,901
1033,1058,2015-10-08,1127,51,2,-80,901
1034,1059,2015-10-09,1128,52,2,-79,902
1035,1060,2015-10-10,1129,52,2,-80,902
1036,1061,2015-10-11,1130,53,2,-81,902
1037,1062,2015-10-12,1131,53,2,-81,902
1038,1063,2015-10-13,1132,53,2,-82,902
1039,1064,2015-10-14,1133,54,2,-82,902
1040,1065,2015-10-15,1134,54,2,-80,902
1041,1069,2015-10-16,1135,55,2,-81,901
1042,1066,2015-10-17,1136,55,2,-82,901
1043,1068,2015-10-18,1137,56,2,-81,901
1044,1067,2015-10-19,1138,56,2,-82,901
1045,1070,2015-10-20,1139,57,2,-80,901
1046,1071,2015-10-21,1140,57,2,-81,901
1047,1072,2015-10-22,1141,57,2,-82,902
1048,1073,2015-10-23,1142,58,2,-82,902
1049,1074,2015-10-24,1143,58,2,-82,901
1050,1075,2015-10-25,1144,59,2,-82,902
1051,1076,2015-10-26,1145,59,2,-82,903
1052,1077,2015-10-27,1146,60,3,-82,902
1053,1078,2015-10-28,1147,60,3,-80,901
1054,1080,2015-10-29,1148,61,3,-80,901
1055,1079,2015-10-30,1149,61,3,-81,902
1056,1081,2015-10-31,1150,62,3,-82,902
1057,1082,2015-11-01,1151,62,3,-82,901
1058,1086,2015-11-02,1152,62,3,-80,901
1059,1083,2015-11-03,1153,63,3,-82,900
1060,1088,2015-11-04,1154,63,3,-84,900
1061,1084,2015-11-05,1155,64,3,-84,900
1062,1085,2015-11-06,1156,64,3,-84,900
1063,1087,2015-11-07,1157,65,3,-82,900
1064,1089,2015-11-08,1158,65,3,-82,898
1065,1090,2015-11-09,1159,66,3,-82,898
1066,1091,2015-11-10,1160,66,3,-80,899
1067,1092,2015-11-12,1161,66,3,-83,898
1068,1093,2015-11-13,1162,67,3,-84,897
1069,1094,2015-11-14,1163,67,3,-86,896
1070,1095,2015-11-15,1164,68,3,-86,896
1071,1096,2015-11-16,1165,68,3,-84,897
1072,1097,2015-11-17,1166,69,3,-84,895
1073,1098,2015-11-18,1167,69,3,-84,894
1074,1102,2015-11-19,1168,70,3,-84,894
1075,1100,2015-11-20,1169,70,3,-89,894
1076,1101,2015-11-21,1170,71,3,-85,893
1077,1099,2015-11-22,1171,71,3,-87,892
1078,1104,2015-11-23,1172,71,3,-87,892
1079,1103,2015-11-24,1173,72,3,-87,892
1080,1105,2015-11-25,1174,72,3,-85,891
1081,1106,2015-11-26,1175,73,3,-85,890
1082,1107,2015-11-27,1176,73,3,-84,890
1083,1108,2015-11-28,1177,74,3,-84,888
1084,1109,2015-11-29,1178,74,3,-86,888
1085,1110,2015-11-30,1179,75,3,-85,887
1086,1111,2015-12-01,1180,75,3,-86,886
1087,1112,2015-12-02,1181,75,3,-86,885
1088,1114,2015-12-03,1182,76,3,-85,884
1089,1113,2015-12-04,1183,76,3,-86,883
1090,1115,2015-12-05,1184,77,3,-85,882
1091,1116,2015-12-06,1185,77,3,-84,881
1092,1117,2015-12-07,1186,78,3,-86,881
1093,1118,2015-12-08,1187,78,3,-84,881
1094,1119,2015-12-09,1188,79,3,-90,881
1095,1120,2015-12-10,1189,79,3,-87,879
1096,1121,2015-12-11,1190,79,3,-87,877
1097,1122,2015-12-12,1191,80,3,-87,876
1098,1123,2015-12-13,1192,80,3,-86,876
1099,1124,2015-12-14,1193,81,3,-84,875
1100,1125,2015-12-15,1194,81,3,-84,873
1101,1126,2015-12-16,1195,82,3,-86,872
1102,1129,2015-12-17,1196,82,3,-86,871
1103,1127,2015-12-18,1197,83,3,-85,869
1104,1128,2015-12-20,1198,83,3,-86,868
1105,1130,2015-12-21,1199,84,3,-86,868
1106,1131,2015-12-22,1200,84,3,-84,866
1107,1132,2015-12-23,1201,84,3,-85,866
1108,1133,2015-12-24,1202,85,3,-85,864
1109,1136,2015-12-25,1203,85,3,-85,863
1110,1135,2015-12-26,1204,86,3,-84,862
1111,1134,2015-12-27,1205,86,3,-86,861
1112,1137,2015-12-28,1206,87,3,-85,859
1113,1138,2015-12-29,1207,87,3,-85,858
1114,1139,2015-12-30,1208,88,3,-85,857
1115,1141,2015-12-31,1209,88,3,-85,855
1116,1140,2016-01-01,1210,88,3,-85,854
1117,1142,2016-01-02,1211,89,3,-83,853
1118,1143,2016-01-03,1212,89,3,-86,851
1119,1145,2016-01-04,1213,90,4,-84,851
1120,1144,2016-01-05,1214,90,4,-85,849
1121,1146,2016-01-06,1215,91,4,-85,848
1122,1147,2016-01-07,1216,91,4,-86,847
1123,1148,2016-01-08,1217,92,4,-88,846
1124,1149,2016-01-09,1218,92,4,-86,845
1125,1150,2016-01-10,1219,93,4,-87,844
1126,1151,2016-01-11,1220,93,4,-87,842
1127,1152,2016-01-12,1221,93,4,-87,841
1128,1153,2016-01-13,1222,94,4,-87,840
1129,1155,2016-01-14,1223,94,4,-88,839
1130,1154,2016-01-15,1224,95,4,-88,837
1131,1156,2016-01-16,1225,95,4,-87,836
1132,1157,2016-01-17,1226,96,4,-87,835
1133,1158,2016-01-18,1227,96,4,-88,833
1134,1159,2016-01-19,1228,97,4,-88,832
1135,1160,2016-01-20,1229,97,4,-88,831
1136,1161,2016-01-21,1230,98,4,-88,830
1137,1162,2016-01-22,1231,98,4,-88,828
1138,1163,2016-01-23,1232,99,4,-88,827
1139,1164,2016-01-24,1233,99,4,-88,826
1140,1166,2016-01-26,1234,99,4,-88,824
1141,1165,2016-01-27,1235,100,4,-88,824
1142,1170,2016-01-28,1236,100,4,-87,822
1143,1169,2016-01-29,1237,101,4,-88,820
1144,1167,2016-01-30,1238,101,4,-87,819
1145,1168,2016-01-31,1239,102,4,-89,818
1146,1171,2016-02-01,1240,102,4,-87,816
1147,1172,2016-02-02,1241,103,4,-87,816
1148,1173,2016-02-03,1242,103,4,-87,815
1149,1174,2016-02-04,1243,104,4,-86,814
1150,1175,2016-02-05,1244,104,4,-85,812
1151,1176,2016-02-06,1245,105,4,-86,811
1152,1178,2016-02-07,1246,105,4,-85,810
1153,1177,2016-02-08,1247,105,4,-85,809
1154,1179,2016-02-09,1248,106,4,-86,807
1155,1180,2016-02-10,1249,106,4,-85,806
1156,1182,2016-02-11,1250,107,4,-85,804
1157,1185,2016-02-12,1251,107,4,-85,803
1158,1184,2016-02-13,1252,108,4,-85,802
1159,1181,2016-02-14,1253,108,4,-85,800
1160,1183,2016-02-15,1254,109,4,-84,799
1161,1187,2016-02-16,1255,109,4,-84,798
1162,1186,2016-02-17,1256,110,4,-84,797
1163,1188,2016-02-18,1257,110,4,-84,794
1164,1189,2016-02-19,1258,111,4,-83,794
1165,1190,2016-02-20,1259,111,4,-84,794
1166,1191,2016-02-21,1260,112,4,-83,792
1167,1192,2016-02-22,1261,112,4,-81,790
1168,1193,2016-02-23,1262,112,4,-81,790
1169,1194,2016-02-24,1263,113,4,-84,788
1170,1195,2016-02-25,1264,113,4,-84,787
1171,1197,2016-02-26,1265,114,4,-81,787
1172,1196,2016-02-27,1266,114,4,-82,787
1173,1198,2016-02-28,1267,115,4,-83,786
1174,1199,2016-02-29,1268,115,4,-83,784
1175,1201,2016-03-01,1269,116,4,-83,782
1176,1200,2016-03-03,1270,116,4,-82,782
1177,1202,2016-03-04,1271,117,4,-84,781
1178,1203,2016-03-05,1272,117,4,-81,780
1179,1204,2016-03-06,1273,118,4,-79,778
1180,1205,2016-03-07,1274,118,4,-82,777
1181,1206,2016-03-08,1275,119,4,-82,775
1182,1207,2016-03-09,1276,119,4,-83,774
1183,1208,2016-03-10,1277,120,5,-84,774
1184,1210,2016-03-11,1278,120,5,-83,773
1185,1209,2016-03-12,1279,121,5,-83,772
1186,1211,2016-03-13,1280,121,5,-84,771
1187,1212,2016-03-14,1281,122,5,-83,769
1188,1213,2016-03-15,1282,122,5,-81,768
1189,1214,2016-03-16,1283,123,5,-82,767
1190,1216,2016-03-17,1284,123,5,-80,767
1191,1217,2016-03-18,1285,123,5,-80,766
1192,1215,2016-03-19,1286,124,5,-80,765
1193,1218,2016-03-20,1287,124,5,-80,764
1194,1219,2016-03-21,1288,125,5,-80,763
1195,1220,2016-03-24,1291,126,5,-80,760
1196,1222,2016-03-25,1292,127,5,-81,760
1197,1221,2016-03-26,1293,127,5,-81,758
1198,1223,2016-03-27,1294,128,5,-79,758
1199,1224,2016-03-28,1295,128,5,-79,757
1200,1226,2016-03-29,1296,129,5,-79,756
1201,1225,2016-03-30,1297,129,5,-80,755
1202,1229,2016-03-31,1298,130,5,-79,755
1203,1228,2016-04-01,1299,130,5,-80,753
1204,1227,2016-04-02,1300,131,5,-79,752
1205,1230,2016-04-03,1301,131,5,-78,752
1206,1231,2016-04-04,1302,132,5,-80,751
1207,1232,2016-04-05,1303,132,5,-78,751
1208,1233,2016-04-06,1304,133,5,-80,750
1209,1235,2016-04-07,1305,133,5,-80,749
1210,1234,2016-04-08,1306,134,5,-79,748
1211,1236,2016-04-10,1307,134,5,-80,748
1212,1237,2016-04-11,1308,135,5,-81,748
1213,1238,2016-04-12,1309,135,5,-81,747
1214,1239,2016-04-13,1310,136,5,-76,745
1215,1240,2016-04-14,1311,136,5,-78,745
1216,1243,2016-04-15,1312,137,5,-77,745
1217,1241,2016-04-16,1313,137,5,-77,745
1218,1242,2016-04-17,1314,138,5,-78,744
1219,1244,2016-04-18,1315,138,5,-77,744
1220,1245,2016-04-19,1316,139,5,-80,744
1221,1246,2016-04-20,1317,139,5,-80,743
1222,1247,2016-04-21,1318,140,5,-80,743
1223,1248,2016-04-22,1319,140,5,-78,742
1224,1250,2016-04-23,1320,141,5,-77,741
1225,1249,2016-04-24,1321,141,5,-77,740
1226,1251,2016-04-25,1322,142,5,-78,740
1227,1252,2016-04-26,1323,142,5,-77,738
1228,1253,2016-04-27,1324,143,5,-78,738
1229,1256,2016-04-28,1325,144,5,-78,738
1230,1254,2016-04-29,1326,144,5,-77,738
1231,1255,2016-04-30,1327,145,5,-76,736
1232,1257,2016-05-01,1328,145,5,-77,735
1233,1258,2016-05-02,1329,146,5,-74,735
1234,1259,2016-05-03,1330,146,5,-78,734
1235,1260,2016-05-04,1331,147,5,-76,734
1236,1262,2016-05-05,1332,147,5,-78,734
1237,1263,2016-05-06,1333,148,5,-76,733
1238,1261,2016-05-07,1334,148,5,-77,732
1239,1264,2016-05-08,1335,149,5,-77,732
1240,1265,2016-05-09,1336,149,5,-75,732
1241,1266,2016-05-10,1337,150,6,-76,734
1242,1267,2016-05-11,1338,150,6,-75,734
1243,1268,2016-05-12,1339,151,6,-77,733
1244,1269,2016-05-13,1340,151,6,-76,734
1245,1270,2016-05-14,1341,152,6,-76,735
1246,1271,2016-05-15,1342,152,6,-80,735
1247,1272,2016-05-17,1343,153,6,-74,735
1248,1273,2016-05-18,1344,153,6,-75,734
1249,1276,2016-05-19,1345,154,6,-75,735
1250,1274,2016-05-20,1346,155,6,-75,737
1251,1277,2016-05-21,1347,155,6,-75,736
1252,1275,2016-05-22,1348,156,6,-76,735
1253,1278,2016-05-23,1349,156,6,-73,737
1254,1279,2016-05-24,1350,157,6,-73,738
1255,1280,2016-05-25,1351,157,6,-72,739
1256,1283,2016-05-26,1352,158,6,-73,736
1257,1281,2016-05-27,1353,158,6,-76,737
1258,1282,2016-05-28,1354,159,6,-75,739
1259,1284,2016-05-29,1355,159,6,-75,740
1260,1286,2016-05-30,1356,160,6,-74,739
1261,1285,2016-05-31,1357,160,6,-72,738
1262,1287,2016-06-01,1358,161,6,-74,738
1263,1288,2016-06-02,1359,162,6,-76,739
1264,1289,2016-06-03,1360,162,6,-76,739
1265,1290,2016-06-04,1361,163,6,-75,739
1266,1291,2016-06-05,1362,163,6,-74,739
1267,1292,2016-06-06,1363,164,6,-75,740
1268,1293,2016-06-07,1364,164,6,-74,740
1269,1294,2016-06-08,1365,165,6,-74,739
1270,1295,2016-06-09,1366,165,6,-75,740
1271,1296,2016-06-10,1367,166,6,-74,743
1272,1297,2016-06-11,1368,167,6,-74,743
1273,1299,2016-06-12,1369,167,6,-73,742
1274,1298,2016-06-13,1370,168,6,-74,744
1275,1301,2016-06-14,1371,168,6,-75,746
1276,1300,2016-06-15,1372,169,6,-74,745
1277,1303,2016-06-16,1373,169,6,-74,746
1278,1302,2016-06-17,1374,170,6,-75,748
1279,1304,2016-06-18,1375,170,6,-73,749
1280,1305,2016-06-19,1376,171,6,-75,749
1281,1306,2016-06-20,1377,172,6,-76,749
1282,1308,2016-06-21,1378,172,6,-76,751
1283,1307,2016-06-23,1379,173,6,-77,751
1284,1311,2016-06-24,1380,173,6,-74,751
1285,1309,2016-06-25,1381,174,6,-73,751
1286,1310,2016-06-26,1382,174,6,-76,752
1287,1312,2016-06-27,1383,175,6,-73,752
1288,1313,2016-06-28,1384,176,6,-74,753
1289,1314,2016-06-29,1385,176,6,-75,755
1290,1315,2016-06-30,1386,177,6,-74,755
1291,1316,2016-07-01,1387,177,6,-74,755
1292,1317,2016-07-02,1388,178,6,-73,756
1293,1318,2016-07-12,1398,184,7,-66,751
1294,1319,2016-07-13,1399,184,7,-73,770
1295,1322,2016-07-14,1400,185,7,-73,770
1296,1321,2016-07-15,1401,185,7,-73,770
1297,1320,2016-07-16,1402,186,7,-75,771
1298,1323,2016-07-17,1403,187,7,-75,771
1299,1324,2016-07-18,1404,187,7,-75,774
1300,1325,2016-07-19,1405,188,7,-75,775
1301,1328,2016-07-20,1406,188,7,-76,775
1302,1329,2016-07-21,1407,189,7,-74,779
1303,1327,2016-07-22,1408,190,7,-75,779
1304,1326,2016-07-23,1409,190,7,-74,781
1305,1330,2016-07-24,1410,191,7,-72,782
1306,1331,2016-07-25,1411,191,7,-72,782
1307,1333,2016-07-26,1412,192,7,-78,784
1308,1332,2016-07-27,1413,193,7,-72,784
1309,1336,2016-07-28,1414,193,7,-73,785
1310,1334,2016-07-29,1415,194,7,-72,787
1311,1335,2016-07-31,1416,194,7,-72,791
1312,1337,2016-08-01,1417,195,7,-70,791
1313,1338,2016-08-02,1418,196,7,-73,793
1314,1339,2016-08-03,1419,196,7,-73,793
1315,1340,2016-08-04,1420,197,7,-71,793
1316,1343,2016-08-05,1421,197,7,-72,797
1317,1342,2016-08-06,1422,198,7,-72,798
1318,1341,2016-08-07,1423,199,7,-71,800
1319,1344,2016-08-08,1424,199,7,-72,803
1320,1345,2016-08-09,1425,200,7,-72,804
1321,1346,2016-08-10,1426,200,7,-71,803
1322,1347,2016-08-11,1427,201,7,-72,807
1323,1348,2016-08-12,1428,202,7,-72,808
1324,1349,2016-08-13,1429,202,7,-70,810
1325,1351,2016-08-14,1430,203,7,-69,810
1326,1350,2016-08-15,1431,204,7,-69,811
1327,1352,2016-08-16,1432,204,7,-71,813
1328,1353,2016-08-17,1433,205,7,-70,818
1329,1356,2016-08-18,1434,205,7,-70,818
1330,1355,2016-08-19,1435,206,7,-71,823
1331,1354,2016-08-20,1436,207,7,-72,825
1332,1357,2016-08-21,1437,207,7,-71,821
1333,1358,2016-08-22,1438,208,7,-68,823
1334,1360,2016-08-23,1439,208,7,-71,828
1335,1359,2016-08-24,1440,209,7,-70,828
1336,1361,2016-08-25,1441,210,8,-74,828
1337,1362,2016-08-26,1442,210,8,-68,829
1338,1363,2016-08-27,1443,211,8,-69,831
1339,1364,2016-08-28,1444,212,8,-69,833
1340,1365,2016-08-29,1445,212,8,-69,836
1341,1366,2016-08-30,1446,213,8,-70,841
1342,1367,2016-08-31,1447,214,8,-74,841
1343,1369,2016-09-01,1448,214,8,-69,841
1344,1368,2016-09-02,1449,215,8,-71,841
1345,1370,2016-09-03,1450,215,8,-69,842
1346,1371,2016-09-04,1451,216,8,-71,842
1347,1373,2016-09-06,1452,217,8,-74,845
1348,1372,2016-09-07,1453,217,8,-73,850
1349,1374,2016-09-08,1454,218,8,-69,854
1350,1377,2016-09-09,1455,219,8,-70,858
1351,1376,2016-09-10,1456,219,8,-69,859
1352,1375,2016-09-11,1457,220,8,-69,860
1353,1378,2016-09-12,1458,220,8,-69,859
1354,1379,2016-09-13,1459,221,8,-71,861
1355,1380,2016-09-14,1460,222,8,-70,865
1356,1382,2016-09-15,1461,222,8,-69,870
1357,1381,2016-09-16,1462,223,8,-68,871
1358,1383,2016-09-17,1463,224,8,-68,871
1359,1384,2016-09-18,1464,224,8,-71,871
1360,1385,2016-09-19,1465,225,8,-68,870
1361,1386,2016-09-20,1466,226,8,-67,873
1362,1387,2016-09-21,1467,226,8,-69,877
1363,1388,2016-09-22,1468,227,8,-70,879
1364,1389,2016-09-23,1469,228,8,-72,881
1365,1391,2016-09-24,1470,228,8,-70,879
1366,1392,2016-09-25,1471,229,8,-71,880
1367,1390,2016-09-26,1472,229,8,-68,879
1368,1393,2016-09-27,1473,230,8,-67,881
1369,1394,2016-09-28,1474,231,8,-68,889
1370,1396,2016-09-29,1475,231,8,-72,890
1371,1395,2016-09-30,1476,232,8,-69,888
1372,1397,2016-10-01,1477,233,8,-72,888
1373,1399,2016-10-02,1478,233,8,-68,887
1374,1398,2016-10-03,1479,234,8,-66,890
1375,1400,2016-10-04,1480,235,8,-68,893
1376,1401,2016-10-05,1481,235,8,-70,893
1377,1403,2016-10-06,1482,236,8,-68,893
1378,1402,2016-10-07,1483,237,8,-68,892
1379,1404,2016-10-08,1484,237,8,-68,895
1380,1405,2016-10-09,1485,238,8,-71,899
1381,1406,2016-10-10,1486,239,8,-71,901
1382,1407,2016-10-11,1487,239,8,-68,901
1383,1408,2016-10-12,1488,240,9,-69,902
1384,1410,2016-10-14,1489,240,9,-68,903
1385,1411,2016-10-15,1490,241,9,-66,904
1386,1409,2016-10-16,1491,242,9,-69,906
1387,1412,2016-10-17,1492,242,9,-68,910
1388,1413,2016-10-18,1493,243,9,-70,905
1389,1414,2016-10-19,1494,244,9,-70,904
1390,1416,2016-10-20,1495,244,9,-71,903
1391,1415,2016-10-21,1496,245,9,-72,906
1392,1417,2016-10-22,1497,246,9,-68,909
1393,1418,2016-10-23,1498,246,9,-68,907
1394,1419,2016-10-24,1499,247,9,-69,903
1395,1420,2016-10-25,1500,248,9,-70,903
1396,1421,2016-10-26,1501,248,9,-69,903
1397,1422,2016-10-27,1502,249,9,-69,907
1398,1424,2016-10-28,1503,250,9,-70,909
1399,1423,2016-10-29,1504,250,9,-69,910
1400,1425,2016-10-30,1505,251,9,-69,906
1401,1426,2016-10-31,1506,252,9,-71,907
1402,1427,2016-11-01,1507,252,9,-70,907
1403,1428,2016-11-02,1508,253,9,-70,907
1404,1430,2016-11-03,1509,254,9,-70,910
1405,1431,2016-11-04,1510,254,9,-70,908
1406,1429,2016-11-05,1511,255,9,-77,908
1407,1432,2016-11-06,1512,255,9,-78,906
1408,1433,2016-11-07,1513,256,9,-74,907
1409,1434,2016-11-08,1514,257,9,-73,906
1410,1435,2016-11-09,1515,257,9,-76,906
1411,1436,2016-11-10,1516,258,9,-71,909
1412,1437,2016-11-11,1517,259,9,-76,911
1413,1438,2016-11-12,1518,259,9,-78,909
1414,1440,2016-11-13,1519,260,9,-72,906
1415,1439,2016-11-14,1520,261,9,-73,905
1416,1441,2016-11-15,1521,261,9,-71,905
1417,1442,2016-11-16,1522,262,9,-71,905
1418,1443,2016-11-17,1523,263,9,-77,905
1419,1444,2016-11-18,1524,263,9,-76,904
1420,1445,2016-11-20,1525,264,9,-74,902
1421,1446,2016-11-21,1526,265,9,-72,900
1422,1449,2016-11-22,1527,265,9,-71,900
1423,1450,2016-11-23,1528,266,9,-72,898
1424,1451,2016-11-24,1529,267,9,-73,900
1425,1452,2016-11-25,1530,267,9,-71,899
1426,1447,2016-11-26,1531,268,9,-76,900
1427,1448,2016-11-27,1532,268,9,-72,900
1428,1453,2016-11-28,1533,269,9,-72,896
1429,1454,2016-11-29,1534,270,10,-73,898
1430,1455,2016-11-30,1535,270,10,-73,900
1431,1456,2016-12-01,1536,271,10,-71,901
1432,1458,2016-12-02,1537,272,10,-74,900
1433,1457,2016-12-03,1538,272,10,-73,898
1434,1459,2016-12-04,1539,273,10,-74,896
1435,1460,2016-12-05,1540,274,10,-72,896
1436,1461,2016-12-06,1541,274,10,-76,895
1437,1462,2016-12-07,1542,275,10,-73,895
1438,1464,2016-12-08,1543,276,10,-74,896
1439,1463,2016-12-09,1544,276,10,-71,894
1440,1465,2016-12-10,1545,277,10,-73,891
1441,1467,2016-12-11,1546,277,10,-73,889
1442,1466,2016-12-12,1547,278,10,-75,887
1443,1468,2016-12-13,1548,279,10,-76,887
1444,1469,2016-12-14,1549,279,10,-76,887
1445,1472,2016-12-15,1550,280,10,-71,888
1446,1471,2016-12-16,1551,281,10,-71,886
1447,1470,2016-12-17,1552,281,10,-74,886
1448,1474,2016-12-18,1553,282,10,-77,884
1449,1473,2016-12-19,1554,283,10,-70,882
1450,1477,2016-12-20,1555,283,10,-71,883
1451,1478,2016-12-21,1556,284,10,-72,883
1452,1475,2016-12-22,1557,284,10,-70,883
1453,1476,2016-12-23,1558,285,10,-72,880
1454,1484,2016-12-24,1559,286,10,-76,879
1455,1482,2016-12-25,1560,286,10,-76,877
1456,1485,2016-12-27,1561,287,10,-77,877
1457,1479,2016-12-28,1562,288,10,-73,877
1458,1483,2016-12-29,1563,288,10,-75,879
1459,1481,2016-12-30,1564,289,10,-70,877
1460,1480,2016-12-31,1565,290,10,-72,874
1461,1487,2017-01-01,1566,290,10,-76,876
1462,1486,2017-01-02,1567,291,10,-70,872
1463,1488,2017-01-03,1568,291,10,-71,876
1464,1492,2017-01-04,1569,292,10,-70,873
1465,1491,2017-01-05,1570,293,10,-71,873
1466,1490,2017-01-06,1571,293,10,-70,873
1467,1489,2017-01-07,1572,294,10,-81,869
1468,1493,2017-01-08,1573,295,10,-74,872
1469,1495,2017-01-09,1574,295,10,-72,868
1470,1494,2017-01-10,1575,296,10,-73,871
1471,1496,2017-01-11,1576,296,10,-72,869
1472,1498,2017-01-12,1577,297,10,-72,866
1473,1499,2017-01-13,1578,298,10,-74,868
1474,1500,2017-01-14,1579,298,10,-73,862
1475,1497,2017-01-15,1580,299,10,-72,867
1476,1501,2017-01-16,1581,299,10,-72,862
1477,1503,2017-01-17,1582,300,11,-74,862
1478,1502,2017-01-18,1583,301,11,-75,862
1479,1505,2017-01-19,1584,301,11,-77,860
1480,1506,2017-01-20,1585,302,11,-76,864
1481,1504,2017-01-21,1586,303,11,-72,858
1482,1508,2017-01-22,1587,303,11,-73,860
1483,1507,2017-01-23,1588,304,11,-72,858
1484,1510,2017-01-24,1589,304,11,-72,857
1485,1509,2017-01-25,1590,305,11,-76,860
1486,1512,2017-01-26,1591,306,11,-73,852
1487,1511,2017-01-27,1592,306,11,-71,857
1488,1513,2017-01-28,1593,307,11,-72,852
1489,1514,2017-01-29,1594,307,11,-74,855
1490,1515,2017-01-30,1595,308,11,-71,855
1491,1516,2017-01-31,1596,309,11,-74,850
1492,1517,2017-02-01,1597,309,11,-73,855
1493,1519,2017-02-03,1598,310,11,-70,849
1494,1518,2017-02-04,1599,310,11,-72,853
1495,1520,2017-02-05,1600,311,11,-71,850
1496,1522,2017-02-06,1601,312,11,-71,853
1497,1521,2017-02-07,1602,312,11,-77,852
1498,1523,2017-02-08,1603,313,11,-76,847
1499,1524,2017-02-09,1604,313,11,-77,850
1500,1526,2017-02-10,1605,314,11,-73,846
1501,1525,2017-02-11,1606,315,11,-75,850
1502,1528,2017-02-12,1607,315,11,-77,846
1503,1527,2017-02-13,1608,316,11,-72,847
1504,1529,2017-02-14,1609,316,11,-71,847
1505,1534,2017-02-18,1613,319,11,-72,846
1506,1533,2017-02-19,1614,319,11,-73,837
1507,1536,2017-02-20,1615,320,11,-73,842
1508,1535,2017-02-21,1616,320,11,-73,848
1509,1537,2017-02-22,1617,321,11,-72,840
1510,1540,2017-02-23,1618,322,11,-71,845
1511,1538,2017-02-24,1619,322,11,-73,841
1512,1539,2017-02-25,1620,323,11,-70,844
1513,1541,2017-02-26,1621,323,11,-73,842
1514,1542,2017-02-27,1622,324,11,-71,841
1515,1544,2017-02-28,1623,324,11,-71,840
1516,1543,2017-03-01,1624,325,11,-72,837
1517,1546,2017-03-02,1625,326,11,-71,839
1518,1545,2017-03-03,1626,326,11,-71,839
1519,1547,2017-03-04,1627,327,11,-72,838
1520,1549,2017-03-05,1628,327,11,-71,839
1521,1548,2017-03-06,1629,328,11,-74,837
1522,1551,2017-03-07,1630,328,11,-77,838
1523,1550,2017-03-08,1631,329,11,-77,837
1524,1552,2017-03-09,1632,330,12,-72,836
1525,1554,2017-03-10,1633,330,12,-75,834
1526,1553,2017-03-12,1634,331,12,-72,834
1527,1555,2017-03-13,1635,331,12,-73,833
1528,1556,2017-03-14,1636,332,12,-72,834
1529,1557,2017-03-15,1637,332,12,-73,833
1530,1559,2017-03-16,1638,333,12,-73,833
1531,1558,2017-03-17,1639,334,12,-71,832
1532,1561,2017-03-18,1640,334,12,-72,832
1533,1560,2017-03-19,1641,335,12,-72,831
1534,1564,2017-03-20,1642,335,12,-72,829
1535,1563,2017-03-21,1643,336,12,-74,832
1536,1562,2017-03-22,1644,336,12,-74,832
1537,1567,2017-03-23,1645,337,12,-74,832
1538,1565,2017-03-24,1646,337,12,-74,831
1539,1566,2017-03-25,1647,338,12,-73,831
1540,1568,2017-03-26,1648,339,12,-73,830
1541,1569,2017-03-27,1649,339,12,-74,830
1542,1570,2017-03-28,1650,340,12,-75,833
1543,1571,2017-03-29,1651,340,12,-77,833
1544,1572,2017-03-30,1652,341,12,-76,834
1545,1573,2017-03-31,1653,341,12,-75,833
1546,1575,2017-04-01,1654,342,12,-75,829
1547,1574,2017-04-02,1655,342,12,-76,831
1548,1576,2017-04-03,1656,343,12,-75,832
1549,1578,2017-04-04,1657,343,12,-75,836
1550,1577,2017-04-05,1658,344,12,-77,835
1551,1579,2017-04-06,1659,345,12,-77,832
1552,1581,2017-04-07,1660,345,12,-74,832
1553,1580,2017-04-08,1661,346,12,-75,831
1554,1583,2017-04-09,1662,346,12,-75,831
1555,1584,2017-04-10,1663,347,12,-74,832
1556,1586,2017-04-11,1664,347,12,-74,832
1557,1585,2017-04-12,1665,348,12,-76,833
1558,1582,2017-04-13,1666,348,12,-76,834
1559,1588,2017-04-14,1667,349,12,-76,833
1560,1587,2017-04-15,1668,349,12,-77,831
1561,1589,2017-04-16,1669,350,12,-74,833
1562,1590,2017-04-18,1670,350,12,-76,834
1563,1591,2017-04-19,1671,351,12,-76,832
1564,1592,2017-04-20,1672,351,12,-74,833
1565,1594,2017-04-21,1673,352,12,-75,836
1566,1593,2017-04-22,1674,352,12,-75,835
1567,1595,2017-04-23,1675,353,12,-75,835
1568,1596,2017-04-24,1676,354,12,-76,837
1569,1597,2017-04-25,1677,354,12,-74,835
1570,1598,2017-04-26,1678,355,12,-74,836
1571,1599,2017-04-27,1679,355,12,-75,836
1572,1601,2017-04-28,1680,356,12,-74,835
1573,1602,2017-04-29,1681,356,12,-74,837
1574,1603,2017-04-30,1682,357,12,-76,839
1575,1600,2017-05-01,1683,357,12,-75,837
1576,1604,2017-05-02,1684,358,12,-75,837
1577,1605,2017-05-03,1685,358,12,-77,838
1578,1607,2017-05-04,1686,359,12,-75,838
1579,1608,2017-05-05,1687,359,12,-75,838
1580,1606,2017-05-06,1688,0,1,-76,840
1581,1610,2017-05-07,1689,0,1,-75,840
1582,1609,2017-05-08,1690,1,1,-76,840
1583,1614,2017-05-10,1692,2,1,-62,820
1584,1612,2017-05-11,1693,2,1,-76,840
1585,1613,2017-05-12,1694,3,1,-76,840
1586,1611,2017-05-13,1695,3,1,-77,840
1587,1615,2017-05-14,1696,4,1,-75,841
1588,1616,2017-05-15,1697,4,1,-77,841
1589,1618,2017-05-16,1698,5,1,-77,842
1590,1617,2017-05-17,1699,5,1,-76,843
1591,1619,2017-05-18,1700,6,1,-76,842
1592,1620,2017-05-19,1701,6,1,-76,841
1593,1621,2017-05-20,1702,7,1,-75,842
1594,1622,2017-05-21,1703,7,1,-76,843
1595,1625,2017-05-22,1704,8,1,-77,844
1596,1623,2017-05-23,1705,8,1,-76,845
1597,1624,2017-05-24,1706,9,1,-77,845
1598,1627,2017-05-26,1707,9,1,-77,846
1599,1626,2017-05-27,1708,10,1,-76,846
1600,1628,2017-05-28,1709,10,1,-76,847
1601,1629,2017-05-29,1710,11,1,-76,848
1602,1631,2017-05-30,1711,11,1,-75,848
1603,1630,2017-05-31,1712,12,1,-77,849
1604,1635,2017-06-01,1713,12,1,-75,850
1605,1633,2017-06-02,1714,13,1,-77,849
1606,1634,2017-06-03,1715,13,1,-77,851
1607,1632,2017-06-04,1716,14,1,-76,850
1608,1636,2017-06-05,1717,14,1,-76,851
1609,1637,2017-06-06,1718,15,1,-77,852
1610,1639,2017-06-07,1719,15,1,-77,853
1611,1638,2017-06-08,1720,16,1,-76,853
1612,1641,2017-06-09,1721,16,1,-76,852
1613,1640,2017-06-10,1722,17,1,-77,854
1614,1642,2017-06-11,1723,17,1,-76,854
1615,1643,2017-06-12,1724,18,1,-77,856
1616,1644,2017-06-13,1725,18,1,-79,857
1617,1645,2017-06-14,1726,19,1,-76,855
1618,1647,2017-06-15,1727,19,1,-75,855
1619,1648,2017-06-16,1728,20,1,-76,855
1620,1646,2017-06-17,1729,20,1,-76,858
1621,1650,2017-06-18,1730,21,1,-77,858
1622,1649,2017-06-19,1731,21,1,-78,857
1623,1651,2017-06-20,1732,22,1,-78,858
1624,1652,2017-06-21,1733,22,1,-77,859
1625,1655,2017-06-22,1734,23,1,-78,859
1626,1653,2017-06-23,1735,23,1,-78,861
1627,1654,2017-06-24,1736,23,1,-77,860
1628,1656,2017-06-25,1737,24,1,-78,861
1629,1657,2017-06-26,1738,24,1,-78,861
1630,1658,2017-06-27,1739,25,1,-77,861
1631,1662,2017-06-28,1740,25,1,-78,861
1632,1659,2017-06-29,1741,26,1,-78,863
1633,1661,2017-06-30,1742,26,1,-77,865
1634,1660,2017-07-02,1743,27,1,-78,863
1635,1663,2017-07-03,1744,27,1,-78,863
1636,1664,2017-07-04,1745,28,1,-78,865
1637,1665,2017-07-05,1746,28,1,-76,866
1638,1666,2017-07-06,1747,29,1,-79,866
1639,1668,2017-07-07,1748,29,1,-79,867
1640,1667,2017-07-08,1749,30,2,-76,867
1641,1669,2017-07-09,1750,30,2,-77,867
1642,1670,2017-07-10,1751,31,2,-78,867
1643,1671,2017-07-11,1752,31,2,-80,867
1644,1672,2017-07-12,1753,32,2,-76,868
1645,1673,2017-07-13,1754,32,2,-78,870
1646,1674,2017-07-14,1755,32,2,-77,870
1647,1675,2017-07-15,1756,33,2,-78,871
1648,1676,2017-07-16,1757,33,2,-78,871
1649,1677,2017-07-17,1758,34,2,-78,871
1650,1678,2017-07-18,1759,34,2,-77,871
1651,1679,2017-07-19,1760,35,2,-78,872
1652,1684,2017-07-20,1761,35,2,-77,872
1653,1687,2017-07-21,1762,36,2,-77,872
1654,1680,2017-07-22,1763,36,2,-78,873
1655,1682,2017-07-23,1764,37,2,-79,872
1656,1690,2017-07-24,1765,37,2,-77,873
1657,1688,2017-07-25,1766,38,2,-79,873
1658,1691,2017-07-26,1767,38,2,-77,874
1659,1683,2017-07-27,1768,39,2,-78,875
1660,1689,2017-07-28,1769,39,2,-76,875
1661,1686,2017-07-29,1770,39,2,-79,875
1662,1692,2017-07-30,1771,40,2,-79,876
1663,1681,2017-07-31,1772,40,2,-78,876
1664,1685,2017-08-01,1773,41,2,-78,876
1665,1693,2017-08-02,1774,41,2,-79,877
1666,1694,2017-08-03,1775,42,2,-80,877
1667,1696,2017-08-04,1776,42,2,-79,877
1668,1695,2017-08-05,1777,43,2,-79,877
1669,1697,2017-08-06,1778,43,2,-81,877
1670,1698,2017-08-07,1779,44,2,-78,878
1671,1699,2017-08-09,1780,44,2,-77,879
1672,1700,2017-08-10,1781,45,2,-78,879
1673,1701,2017-08-11,1782,45,2,-78,878
1674,1703,2017-08-12,1783,45,2,-79,879
1675,1702,2017-08-13,1784,46,2,-80,883
1676,1704,2017-08-14,1785,46,2,-77,881
1677,1705,2017-08-16,1787,47,2,-79,881
1678,1706,2017-08-17,1788,48,2,-79,881
1679,1708,2017-08-18,1789,48,2,-79,881
1680,1707,2017-08-19,1790,49,2,-81,882
1681,1709,2017-08-20,1791,49,2,-79,882
1682,1710,2017-08-21,1792,50,2,-80,883
1683,1711,2017-08-22,1793,50,2,-80,883
1684,1712,2017-08-23,1794,50,2,-80,883
1685,1714,2017-08-24,1795,51,2,-81,882
1686,1715,2017-08-25,1796,51,2,-80,883
1687,1713,2017-08-26,1797,52,2,-79,884
1688,1716,2017-08-27,1798,52,2,-79,883
1689,1717,2017-08-28,1799,53,2,-78,883
1690,1718,2017-08-29,1800,53,2,-80,883
1691,1719,2017-08-30,1801,54,2,-80,882
1692,1722,2017-08-31,1802,54,2,-79,882
1693,1723,2017-09-01,1803,55,2,-78,882
1694,1720,2017-09-02,1804,55,2,-78,883
1695,1721,2017-09-03,1805,55,2,-78,883
1696,1724,2017-09-04,1806,56,2,-80,884
1697,1725,2017-09-05,1807,56,2,-78,884
1698,1726,2017-09-06,1808,57,2,-79,884
1699,1728,2017-09-07,1809,57,2,-80,884
1700,1729,2017-09-08,1810,58,2,-78,883
1701,1727,2017-09-09,1811,58,2,-79,882
1702,1730,2017-09-10,1812,59,2,-79,882
1703,1731,2017-09-11,1813,59,2,-80,881
1704,1732,2017-09-12,1814,59,2,-80,881
1705,1733,2017-09-13,1815,60,3,-81,881
1706,1734,2017-09-15,1816,60,3,-82,882
1707,1735,2017-09-16,1817,61,3,-80,882
1708,1736,2017-09-17,1818,61,3,-81,881
1709,1737,2017-09-18,1819,62,3,-82,880
1710,1738,2017-09-19,1820,62,3,-79,881
1711,1740,2017-09-20,1821,63,3,-81,882
1712,1739,2017-09-21,1822,63,3,-78,881
1713,1743,2017-09-22,1823,64,3,-80,879
1714,1742,2017-09-23,1824,64,3,-80,879
1715,1741,2017-09-24,1825,64,3,-80,878
1716,1744,2017-09-25,1826,65,3,-80,878
1717,1745,2017-09-26,1827,65,3,-80,879
1718,1746,2017-09-27,1828,66,3,-80,878
1719,1749,2017-09-28,1829,66,3,-78,877
1720,1748,2017-09-29,1830,67,3,-80,877
1721,1747,2017-09-30,1831,67,3,-80,876
1722,1750,2017-10-01,1832,68,3,-84,875
1723,1751,2017-10-02,1833,68,3,-81,875
1724,1752,2017-10-03,1834,68,3,-80,875
1725,1753,2017-10-04,1835,69,3,-80,873
1726,1755,2017-10-05,1836,69,3,-81,873
1727,1756,2017-10-06,1837,70,3,-81,872
1728,1754,2017-10-07,1838,70,3,-79,872
1729,1757,2017-10-08,1839,71,3,-80,872
1730,1758,2017-10-09,1840,71,3,-77,871
1731,1759,2017-10-10,1841,72,3,-77,870
1732,1761,2017-10-11,1842,72,3,-79,869
1733,1760,2017-10-12,1843,72,3,-80,869
1734,1762,2017-10-13,1844,73,3,-81,869
1735,1763,2017-10-14,1845,73,3,-80,868
1736,1765,2017-10-15,1846,74,3,-80,868
1737,1764,2017-10-16,1847,74,3,-80,866
1738,1766,2017-10-17,1848,75,3,-80,865
1739,1770,2017-10-18,1849,75,3,-80,864
1740,1768,2017-10-19,1850,76,3,-80,864
1741,1767,2017-10-20,1851,76,3,-87,864
1742,1769,2017-10-22,1852,77,3,-80,863
1743,1771,2017-10-23,1853,77,3,-80,862
1744,1772,2017-10-24,1854,77,3,-80,861
1745,1773,2017-10-25,1855,78,3,-78,861
1746,1774,2017-10-26,1856,78,3,-80,859
1747,1776,2017-10-27,1857,79,3,-80,858
1748,1775,2017-10-28,1858,79,3,-81,857
1749,1779,2017-10-29,1859,80,3,-79,857
1750,1778,2017-10-30,1860,80,3,-80,857
1751,1780,2017-10-31,1861,81,3,-79,855
1752,1777,2017-11-01,1862,81,3,-81,854
1753,1781,2017-11-02,1863,81,3,-80,853
1754,1782,2017-11-03,1864,82,3,-82,852
1755,1783,2017-11-04,1865,82,3,-80,852
1756,1785,2017-11-05,1866,83,3,-80,850
1757,1784,2017-11-06,1867,83,3,-78,848
1758,1786,2017-11-07,1868,84,3,-80,848
1759,1787,2017-11-08,1869,84,3,-81,846
1760,1788,2017-11-09,1870,85,3,-81,845
1761,1789,2017-11-10,1871,85,3,-80,844
1762,1791,2017-11-11,1872,86,3,-79,843
1763,1790,2017-11-12,1873,86,3,-79,842
1764,1792,2017-11-13,1874,86,3,-80,840
1765,1793,2017-11-14,1875,87,3,-79,839
1766,1794,2017-11-15,1876,87,3,-79,838
1767,1797,2017-11-16,1877,88,3,-79,837
1768,1795,2017-11-17,1878,88,3,-79,835
1769,1796,2017-11-18,1879,89,3,-79,834
1770,1798,2017-11-19,1880,89,3,-79,833
1771,1803,2017-11-20,1881,90,4,-79,832
1772,1801,2017-11-21,1882,90,4,-78,831
1773,1800,2017-11-22,1883,91,4,-78,830
1774,1799,2017-11-23,1884,91,4,-79,829
1775,1804,2017-11-24,1885,91,4,-79,827
1776,1805,2017-11-25,1886,92,4,-79,826
1777,1802,2017-11-26,1887,92,4,-79,824
1778,1807,2017-11-27,1888,93,4,-79,823
1779,1806,2017-11-29,1889,93,4,-80,822
1780,1808,2017-11-30,1890,94,4,-79,821
1781,1810,2017-12-01,1891,94,4,-80,819
1782,1809,2017-12-02,1892,95,4,-81,817
1783,1812,2017-12-03,1893,95,4,-79,816
1784,1811,2017-12-04,1894,96,4,-79,815
1785,1814,2017-12-05,1895,96,4,-78,814
1786,1813,2017-12-06,1896,96,4,-79,812
1787,1817,2017-12-07,1897,97,4,-80,811
1788,1816,2017-12-08,1898,97,4,-81,810
1789,1815,2017-12-09,1899,98,4,-81,808
1790,1818,2017-12-10,1900,98,4,-81,807
1791,1819,2017-12-11,1901,99,4,-81,806
1792,1820,2017-12-12,1902,99,4,-79,804
1793,1821,2017-12-13,1903,100,4,-78,803
1794,1822,2017-12-14,1904,100,4,-79,801
1795,1823,2017-12-15,1905,101,4,-80,800
1796,1824,2017-12-16,1906,101,4,-79,799
1797,1825,2017-12-17,1907,101,4,-79,798
1798,1826,2017-12-18,1908,102,4,-79,796
1799,1827,2017-12-19,1909,102,4,-80,795
1800,1828,2017-12-20,1910,103,4,-80,794
1801,1833,2017-12-21,1911,103,4,-79,792
1802,1832,2017-12-22,1912,104,4,-80,791
1803,1830,2017-12-23,1913,104,4,-79,791
1804,1834,2017-12-24,1914,105,4,-78,790
1805,1835,2017-12-25,1915,105,4,-78,788
1806,1829,2017-12-26,1916,106,4,-79,787
1807,1831,2017-12-27,1917,106,4,-80,786
1808,1839,2017-12-28,1918,107,4,-77,784
1809,1836,2017-12-29,1919,107,4,-77,783
1810,1837,2017-12-30,1920,108,4,-77,782
1811,1838,2017-12-31,1921,108,4,-78,781
1812,1840,2018-01-01,1922,108,4,-79,780
1813,1842,2018-01-02,1923,109,4,-77,778
1814,1841,2018-01-03,1924,109,4,-78,777
1815,1844,2018-01-05,1925,110,4,-79,777
1816,1843,2018-01-06,1926,110,4,-80,775
1817,1845,2018-01-07,1927,111,4,-79,774
1818,1847,2018-01-08,1928,111,4,-78,773
1819,1846,2018-01-09,1929,112,4,-79,771
1820,1848,2018-01-10,1930,112,4,-79,770
1821,1849,2018-01-11,1931,113,4,-79,770
1822,1850,2018-01-12,1932,113,4,-79,768
1823,1852,2018-01-13,1933,114,4,-78,767
1824,1851,2018-01-14,1934,114,4,-79,766
1825,1853,2018-01-15,1935,115,4,-80,765
1826,1855,2018-01-16,1936,115,4,-79,764
1827,1854,2018-01-17,1937,116,4,-80,763
1828,1859,2018-01-18,1938,116,4,-78,762
1829,1857,2018-01-19,1939,116,4,-78,760
1830,1858,2018-01-20,1940,117,4,-77,759
1831,1856,2018-01-21,1941,117,4,-77,758
1832,1860,2018-01-22,1942,118,4,-78,757
1833,1863,2018-01-23,1943,118,4,-78,756
1834,1861,2018-01-24,1944,119,4,-80,755
1835,1862,2018-01-25,1945,119,4,-78,754
1836,1864,2018-01-26,1946,120,5,-79,753
1837,1865,2018-01-27,1947,120,5,-78,751
1838,1866,2018-01-28,1948,121,5,-78,752
1839,1867,2018-01-29,1949,121,5,-78,751
1840,1868,2018-01-30,1950,122,5,-79,750
1841,1869,2018-01-31,1951,122,5,-77,749
1842,1871,2018-02-01,1952,123,5,-80,748
1843,1870,2018-02-02,1953,123,5,-78,747
1844,1872,2018-02-03,1954,124,5,-77,745
1845,1873,2018-02-04,1955,124,5,-77,745
1846,1879,2018-02-05,1956,125,5,-79,744
1847,1875,2018-02-06,1957,125,5,-77,742
1848,1874,2018-02-07,1958,126,5,-77,741
1849,1878,2018-02-08,1959,126,5,-78,740
1850,1876,2018-02-09,1960,127,5,-78,740
1851,1877,2018-02-11,1961,127,5,-77,740
1852,1880,2018-02-12,1962,128,5,-78,738
1853,1881,2018-02-13,1963,128,5,-77,737
1854,1882,2018-02-14,1964,129,5,-76,736
1855,1883,2018-02-15,1965,129,5,-76,735
1856,1884,2018-02-16,1966,130,5,-77,735
1857,1885,2018-02-17,1967,130,5,-76,734
1858,1886,2018-02-18,1968,131,5,-76,732
1859,1887,2018-02-19,1969,131,5,-76,732
1860,1888,2018-02-20,1970,132,5,-77,731
1861,1890,2018-02-21,1971,132,5,-78,731
1862,1891,2018-02-22,1972,133,5,-78,730
1863,1889,2018-02-23,1973,133,5,-78,730
1864,1892,2018-02-24,1974,134,5,-77,729
1865,1894,2018-02-25,1975,134,5,-76,729
1866,1893,2018-02-26,1976,135,5,-77,728
1867,1895,2018-02-27,1977,135,5,-77,727
